;timestamp;Ladezustand;Batterie (Laden);Batterie (Entladen);Netzeinspeisung;Netzbezug;Solarproduktion Tracker 1;Solarproduktion Tracker 2;Solarproduktion Tracker 3;Solarproduktion;Hausverbrauch
;2023-03-16 15:30;0;0;0;0;0;0;0;0;0;0
;2023-03-16 15:45;0;0;0;0;0;0;0;0;0;0
;2023-03-16 16:00;97;651;0;11;11;415;400;0;815;94
;2023-03-16 16:15;99;442;0;346;3;462;446;0;908;53
;2023-03-16 16:30;99;143;0;599;0;422;409;0;831;21
;2023-03-16 16:45;100;43;0;741;0;448;436;0;884;35
;2023-03-16 17:00;100;0;0;772;0;438;424;0;861;31
;2023-03-16 17:15;100;0;0;672;0;426;411;0;836;106
;2023-03-16 17:30;100;0;0;628;0;396;383;0;780;96
;2023-03-16 17:45;100;0;0;496;0;327;317;0;643;98
;2023-03-16 18:00;100;0;7;461;3;275;266;0;541;43
;2023-03-16 18:15;100;0;0;513;0;296;287;0;583;23
;2023-03-16 18:30;100;0;3;204;3;135;129;0;264;26
;2023-03-16 18:45;100;0;0;55;0;66;60;0;126;34
;2023-03-16 19:00;99;0;75;8;2;36;31;0;66;101
;2023-03-16 19:15;99;0;39;1;1;17;14;0;30;34
;2023-03-16 19:30;98;0;70;1;1;5;2;0;7;45
;2023-03-16 19:45;97;0;107;3;3;0;0;0;0;84
;2023-03-16 20:00;96;0;67;0;1;0;0;0;0;44
;2023-03-16 20:15;95;0;72;1;1;0;0;0;0;49
;2023-03-16 20:30;95;0;82;1;1;0;0;0;0;57
;2023-03-16 20:45;94;0;81;1;1;0;0;0;0;57
;2023-03-16 21:00;93;0;58;1;3;0;0;0;0;37
;2023-03-16 21:15;93;0;71;1;1;0;0;0;0;48
;2023-03-16 21:30;92;0;41;0;9;0;0;0;0;35
;2023-03-16 21:45;92;0;0;0;22;0;0;0;0;22
;2023-03-16 22:00;92;0;14;3;21;0;0;0;0;27
;2023-03-16 22:15;91;0;48;1;6;0;0;0;0;34
;2023-03-16 22:30;91;0;10;2;26;0;0;0;0;29
;2023-03-16 22:45;91;0;0;0;75;0;0;0;0;75
;2023-03-16 23:00;0;0;0;0;75;0;0;0;0;75
;2023-03-16 23:15;0;0;0;0;110;0;0;0;0;110
;2023-03-16 23:30;0;0;0;0;61;0;0;0;0;61
;2023-03-16 23:45;0;0;0;0;50;0;0;0;0;50
;2023-03-17 00:00;0;0;0;0;57;0;0;0;0;57
;2023-03-17 00:15;0;0;0;0;72;0;0;0;0;72
;2023-03-17 00:30;0;0;0;0;33;0;0;0;0;33
;2023-03-17 00:45;0;0;0;0;31;0;0;0;0;31
;2023-03-17 01:00;0;0;0;0;24;0;0;0;0;24
;2023-03-17 01:15;0;0;0;0;19;0;0;0;0;19
;2023-03-17 01:30;0;0;0;0;22;0;0;0;0;22
;2023-03-17 01:45;0;0;0;0;28;0;0;0;0;28
;2023-03-17 02:00;0;0;0;0;17;0;0;0;0;17
;2023-03-17 02:15;0;0;0;0;24;0;0;0;0;24
;2023-03-17 02:30;0;0;0;0;32;0;0;0;0;32
;2023-03-17 02:45;0;0;0;0;33;0;0;0;0;33
;2023-03-17 03:00;0;0;0;0;32;0;0;0;0;32
;2023-03-17 03:15;0;0;0;0;30;0;0;0;0;30
;2023-03-17 03:30;0;0;0;0;26;0;0;0;0;26
;2023-03-17 03:45;0;0;0;0;20;0;0;0;0;20
;2023-03-17 04:00;0;0;0;0;17;0;0;0;0;17
;2023-03-17 04:15;0;0;0;0;23;0;0;0;0;23
;2023-03-17 04:30;0;0;0;0;30;0;0;0;0;30
;2023-03-17 04:45;0;0;0;0;29;0;0;0;0;29
;2023-03-17 05:00;0;0;0;0;17;0;0;0;0;17
;2023-03-17 05:15;0;0;0;0;17;0;0;0;0;17
;2023-03-17 05:30;0;0;0;0;30;0;0;0;0;30
;2023-03-17 05:45;0;0;0;0;20;0;0;0;0;20
;2023-03-17 06:00;0;0;0;0;26;0;0;0;0;26
;2023-03-17 06:15;0;0;0;0;41;0;0;0;0;41
;2023-03-17 06:30;0;0;0;0;38;0;0;0;0;38
;2023-03-17 06:45;0;0;0;0;32;0;0;0;0;32
;2023-03-17 07:00;0;0;0;0;32;0;0;0;0;32
;2023-03-17 07:15;0;0;0;0;38;0;0;0;0;38
;2023-03-17 07:30;0;0;0;0;21;0;0;0;0;21
;2023-03-17 07:45;0;0;0;0;16;0;0;0;0;16
;2023-03-17 08:00;0;0;0;0;26;1;1;0;2;26
;2023-03-17 08:15;0;0;0;0;32;2;2;0;4;32
;2023-03-17 08:30;0;0;0;0;16;0;3;0;3;16
;2023-03-17 08:45;0;0;0;0;0;0;0;0;0;0
;2023-03-17 09:00;91;0;41;0;28;30;27;0;58;103
;2023-03-17 09:15;91;26;9;1;1;50;44;0;95;41
;2023-03-17 09:30;91;69;0;0;0;69;62;0;131;18
;2023-03-17 09:45;92;52;39;9;9;77;67;0;144;86
;2023-03-17 10:00;92;75;38;2;2;87;76;0;162;80
;2023-03-17 10:15;93;119;0;0;0;105;93;0;198;33
;2023-03-17 10:30;94;144;0;1;1;123;108;0;232;40
;2023-03-17 10:45;92;32;254;2;2;141;123;0;264;437
;2023-03-17 11:00;93;94;46;2;2;164;139;0;303;202
;2023-03-17 11:15;94;175;0;1;1;210;169;0;379;151
;2023-03-17 11:30;86;25;693;3;117;195;162;0;358;1080
;2023-03-17 11:45;83;29;337;7;7;178;142;0;319;577
;2023-03-17 12:00;82;56;186;5;5;188;151;0;339;418
;2023-03-17 12:15;82;132;106;6;6;253;187;0;440;359
;2023-03-17 12:30;85;316;5;4;4;305;240;0;544;174
;2023-03-17 12:45;86;200;76;4;4;314;252;0;566;387
;2023-03-17 13:00;90;261;18;11;13;338;289;0;627;328
;2023-03-17 13:15;91;220;36;22;31;312;283;0;595;362
;2023-03-17 13:30;94;270;4;29;29;295;270;0;565;238
;2023-03-17 13:45;96;486;0;6;6;307;281;0;588;40
;2023-03-17 14:00;99;269;0;255;0;344;305;0;649;62
;2023-03-17 14:15;100;18;9;137;3;325;299;0;624;429
;2023-03-17 14:30;100;0;0;433;0;345;332;0;677;192
;2023-03-17 14:45;100;0;0;376;0;308;298;0;607;182
;2023-03-17 15:00;100;0;0;648;0;378;367;0;745;42
;2023-03-17 15:15;100;0;3;709;0;465;452;0;917;149
;2023-03-17 15:30;100;0;0;478;0;474;462;0;936;397
;2023-03-17 15:45;100;0;0;671;0;462;451;0;914;183
;2023-03-17 16:00;100;0;0;655;0;428;417;0;845;133
;2023-03-17 16:15;100;0;0;419;0;315;308;0;623;153
;2023-03-17 16:30;100;0;0;608;0;419;410;0;829;165
;2023-03-17 16:45;100;0;0;378;0;268;262;0;529;105
;2023-03-17 17:00;100;0;0;304;0;210;204;0;414;67
;2023-03-17 17:15;100;0;10;279;1;217;211;0;428;115
;2023-03-17 17:30;99;0;0;184;0;160;156;0;316;91
;2023-03-17 17:45;91;0;762;115;340;244;239;0;483;1402
;2023-03-17 18:00;80;25;1011;2;505;190;186;0;376;1796
;2023-03-17 18:15;79;222;279;6;133;202;198;0;399;524
;2023-03-17 18:30;80;82;0;0;0;91;88;0;178;47
;2023-03-17 18:45;80;12;30;7;20;49;45;0;93;73
;2023-03-17 19:00;80;0;9;2;2;28;25;0;52;34
;2023-03-17 19:15;79;0;60;2;4;13;11;0;25;50
;2023-03-17 19:30;79;0;57;1;3;4;1;0;4;33
;2023-03-17 19:45;77;1;68;4;13;0;0;0;0;56
;2023-03-17 20:00;76;0;65;1;2;0;0;0;0;44
;2023-03-17 20:15;76;0;79;2;2;0;0;0;0;56
;2023-03-17 20:30;75;0;60;1;2;0;0;0;0;37
;2023-03-17 20:45;75;0;51;1;7;0;0;0;0;36
;2023-03-17 21:00;74;0;50;2;8;0;0;0;0;35
;2023-03-17 21:15;74;0;49;2;9;0;0;0;0;35
;2023-03-17 21:30;73;0;53;1;6;0;0;0;0;36
;2023-03-17 21:45;72;0;60;1;3;0;0;0;0;38
;2023-03-17 22:00;72;0;67;1;1;0;0;0;0;43
;2023-03-17 22:15;71;0;73;0;0;0;0;0;0;49
;2023-03-17 22:30;70;0;76;0;0;0;0;0;0;51
;2023-03-17 22:45;69;0;81;2;2;0;0;0;0;57
;2023-03-17 23:00;69;0;88;0;0;0;0;0;0;63
;2023-03-17 23:15;67;0;80;1;1;0;0;0;0;55
;2023-03-17 23:30;66;0;20;4;26;0;0;0;0;34
;2023-03-17 23:45;66;0;4;2;22;0;0;0;0;22
;2023-03-18 00:00;66;0;57;1;3;0;0;0;0;36
;2023-03-18 00:15;65;0;5;1;20;0;0;0;0;22
;2023-03-18 00:30;65;0;0;0;20;0;0;0;0;20
;2023-03-18 00:45;65;0;9;2;24;0;0;0;0;27
;2023-03-18 01:00;65;0;0;0;23;0;0;0;0;23
;2023-03-18 01:15;65;0;0;0;16;0;0;0;0;16
;2023-03-18 01:30;65;0;19;3;18;0;0;0;0;26
;2023-03-18 01:45;64;0;68;1;1;0;0;0;0;44
;2023-03-18 02:00;64;0;37;2;15;0;0;0;0;33
;2023-03-18 02:15;64;0;33;3;16;0;0;0;0;32
;2023-03-18 02:30;63;0;50;2;10;0;0;0;0;37
;2023-03-18 02:45;63;0;36;1;9;0;0;0;0;30
;2023-03-18 03:00;63;0;0;0;17;0;0;0;0;17
;2023-03-18 03:15;63;0;0;0;18;0;0;0;0;18
;2023-03-18 03:30;62;0;14;5;25;0;0;0;0;30
;2023-03-18 03:45;62;0;0;0;16;0;0;0;0;16
;2023-03-18 04:00;62;0;0;0;16;0;0;0;0;16
;2023-03-18 04:15;62;0;7;2;23;0;0;0;0;25
;2023-03-18 04:30;62;0;7;2;22;0;0;0;0;24
;2023-03-18 04:45;62;0;0;0;17;0;0;0;0;17
;2023-03-18 05:00;62;0;8;2;23;0;0;0;0;26
;2023-03-18 05:15;62;0;30;2;25;0;0;0;0;43
;2023-03-18 05:30;61;0;36;2;15;0;0;0;0;34
;2023-03-18 05:45;61;0;24;1;20;0;0;0;0;31
;2023-03-18 06:00;61;0;31;3;17;0;0;0;0;33
;2023-03-18 06:15;60;0;41;1;9;0;0;0;0;31
;2023-03-18 06:30;60;0;0;0;16;0;0;0;0;16
;2023-03-18 06:45;60;0;0;0;16;0;0;0;0;16
;2023-03-18 07:00;60;0;7;2;25;0;0;0;0;28
;2023-03-18 07:15;60;0;0;0;19;0;0;0;0;19
;2023-03-18 07:30;60;0;0;0;61;0;0;0;0;61
;2023-03-18 07:45;56;0;254;1;28;1;0;0;1;262
;2023-03-18 08:00;54;0;227;1;5;10;1;0;11;212
;2023-03-18 08:15;51;0;207;4;7;16;11;0;27;209
;2023-03-18 08:30;50;0;129;3;3;24;18;0;42;146
;2023-03-18 08:45;48;0;150;3;3;35;29;0;63;182
;2023-03-18 09:00;46;0;100;3;3;38;32;0;70;136
;2023-03-18 09:15;45;0;106;2;2;34;29;0;63;135
;2023-03-18 09:30;43;1;201;8;15;37;31;0;67;235
;2023-03-18 09:45;43;0;0;2;2;39;33;0;72;38
;2023-03-18 10:00;43;0;0;3;3;40;33;0;73;21
;2023-03-18 10:15;43;12;0;1;1;51;40;0;90;24
;2023-03-18 10:30;42;34;142;10;10;73;53;0;126;188
;2023-03-18 10:45;37;0;449;3;3;96;65;0;161;568
;2023-03-18 11:00;34;58;221;4;3;122;77;0;199;317
;2023-03-18 11:15;37;160;0;3;3;150;94;0;243;37
;2023-03-18 11:30;39;198;0;3;3;182;113;0;294;47
;2023-03-18 11:45;42;265;0;2;2;214;146;0;361;45
;2023-03-18 12:00;45;311;0;3;3;246;170;0;415;51
;2023-03-18 12:15;49;373;0;4;4;278;203;0;482;53
;2023-03-18 12:30;53;402;11;3;4;306;230;0;536;88
;2023-03-18 12:45;53;104;85;2;3;341;265;0;606;531
;2023-03-18 13:00;52;10;77;10;10;348;272;0;621;628
;2023-03-18 13:15;54;207;49;20;19;373;305;0;678;460
;2023-03-18 13:30;56;273;28;15;16;391;331;0;722;419
;2023-03-18 13:45;60;330;27;23;23;406;351;0;757;391
;2023-03-18 14:00;65;563;27;5;6;426;367;0;793;191
;2023-03-18 14:15;73;685;12;4;2;432;380;0;811;71
;2023-03-18 14:30;81;768;0;1;1;437;418;0;856;19
;2023-03-18 14:45;88;799;0;1;1;453;441;0;894;22
;2023-03-18 15:00;96;771;0;1;1;436;423;0;860;19
;2023-03-18 15:15;99;432;0;389;0;460;448;0;908;17
;2023-03-18 15:30;100;22;0;799;0;456;443;0;898;17
;2023-03-18 15:45;100;0;0;775;0;430;417;0;848;17
;2023-03-18 16:00;100;0;0;730;0;407;394;0;801;17
;2023-03-18 16:15;100;0;18;528;7;459;446;0;905;344
;2023-03-18 16:30;100;0;0;365;0;466;451;0;917;495
;2023-03-18 16:45;99;0;27;198;1;346;336;0;682;461
;2023-03-18 17:00;99;0;0;455;0;278;269;0;547;46
;2023-03-18 17:15;99;0;0;183;0;136;130;0;266;46
;2023-03-18 17:30;99;0;0;331;0;206;198;0;404;31
;2023-03-18 17:45;99;0;7;566;1;336;326;0;662;56
;2023-03-18 18:00;97;41;203;21;16;210;203;0;413;522
;2023-03-18 18:15;98;86;79;25;31;196;190;0;386;336
;2023-03-18 18:30;98;157;16;9;9;188;181;0;369;176
;2023-03-18 18:45;99;53;0;1;1;65;64;0;128;32
;2023-03-18 19:00;99;0;6;2;2;21;19;0;40;22
;2023-03-18 19:15;98;0;104;3;13;8;6;0;14;95
;2023-03-18 19:30;98;0;50;1;4;3;2;0;5;27
;2023-03-18 19:45;97;0;22;2;17;0;0;0;0;27
;2023-03-18 20:00;97;0;0;0;21;0;0;0;0;21
;2023-03-18 20:15;97;0;31;5;26;0;0;0;0;41
;2023-03-18 20:30;96;0;84;0;0;0;0;0;0;61
;2023-03-18 20:45;95;0;78;0;0;0;0;0;0;53
;2023-03-18 21:00;95;0;77;0;0;0;0;0;0;52
;2023-03-18 21:15;94;0;87;1;1;0;0;0;0;63
;2023-03-18 21:30;93;0;104;0;0;0;0;0;0;80
;2023-03-18 21:45;92;0;104;1;1;0;0;0;0;79
;2023-03-18 22:00;91;0;78;1;2;0;0;0;0;55
;2023-03-18 22:15;90;0;93;0;0;0;0;0;0;69
;2023-03-18 22:30;88;0;80;0;0;0;0;0;0;55
;2023-03-18 22:45;88;0;78;1;1;0;0;0;0;54
;2023-03-18 23:00;87;0;87;1;1;0;0;0;0;62
;2023-03-18 23:15;86;0;84;0;0;0;0;0;0;59
;2023-03-18 23:30;85;0;78;0;0;0;0;0;0;54
;2023-03-18 23:45;84;0;81;1;1;0;0;0;0;57
;2023-03-19 00:00;83;0;88;0;0;0;0;0;0;64
;2023-03-19 00:15;83;0;73;1;1;0;0;0;0;49
;2023-03-19 00:30;82;0;36;0;11;0;0;0;0;34
;2023-03-19 00:45;82;0;34;3;13;0;0;0;0;30
;2023-03-19 01:00;81;0;21;1;16;0;0;0;0;26
;2023-03-19 01:15;81;0;0;0;19;0;0;0;0;19
;2023-03-19 01:30;81;0;5;2;20;0;0;0;0;21
;2023-03-19 01:45;81;0;36;3;15;0;0;0;0;31
;2023-03-19 02:00;81;0;2;0;15;0;0;0;0;16
;2023-03-19 02:15;81;0;0;0;16;0;0;0;0;16
;2023-03-19 02:30;80;0;19;3;18;0;0;0;0;26
;2023-03-19 02:45;80;0;1;0;23;0;0;0;0;23
;2023-03-19 03:00;80;0;16;3;20;0;0;0;0;27
;2023-03-19 03:15;80;0;16;3;26;0;0;0;0;33
;2023-03-19 03:30;79;0;71;0;0;0;0;0;0;47
;2023-03-19 03:45;79;0;28;3;20;0;0;0;0;33
;2023-03-19 04:00;79;0;22;1;20;0;0;0;0;30
;2023-03-19 04:15;77;0;38;3;13;0;0;0;0;33
;2023-03-19 04:30;77;0;33;1;12;0;0;0;0;30
;2023-03-19 04:45;77;0;0;0;16;0;0;0;0;16
;2023-03-19 05:00;77;0;0;0;16;0;0;0;0;16
;2023-03-19 05:15;76;0;25;4;20;0;0;0;0;30
;2023-03-19 05:30;76;0;0;0;18;0;0;0;0;18
;2023-03-19 05:45;76;0;0;0;16;0;0;0;0;16
;2023-03-19 06:00;76;0;10;1;18;0;0;0;0;22
;2023-03-19 06:15;76;0;19;1;17;0;0;0;0;26
;2023-03-19 06:30;73;0;335;1;78;0;0;0;0;391
;2023-03-19 06:45;70;0;270;3;24;0;0;0;0;274
;2023-03-19 07:00;66;0;312;1;1;0;0;0;0;285
;2023-03-19 07:15;63;0;283;2;8;0;0;0;0;266
;2023-03-19 07:30;61;0;182;2;60;0;0;0;0;220
;2023-03-19 07:45;58;0;227;3;9;0;0;0;0;212
;2023-03-19 08:00;55;0;211;1;2;11;3;0;15;196
;2023-03-19 08:15;54;0;151;2;2;19;15;0;34;158
;2023-03-19 08:30;52;0;182;3;3;31;26;0;57;197
;2023-03-19 08:45;50;15;143;2;2;52;48;0;100;181
;2023-03-19 09:00;46;24;286;10;18;81;73;0;153;376
;2023-03-19 09:15;43;14;306;20;57;95;86;0;182;466
;2023-03-19 09:30;43;63;72;18;18;97;87;0;183;148
;2023-03-19 09:45;44;61;33;13;13;77;69;0;146;72
;2023-03-19 10:00;44;61;36;14;14;78;70;0;148;76
;2023-03-19 10:15;44;59;62;16;27;77;72;0;149;117
;2023-03-19 10:30;44;77;49;15;18;119;111;0;230;158
;2023-03-19 10:45;46;133;26;13;13;128;119;0;247;94
;2023-03-19 11:00;46;89;95;14;15;139;127;0;266;226
;2023-03-19 11:15;44;57;217;22;22;145;134;0;279;392
;2023-03-19 11:30;40;69;393;12;45;152;140;0;292;597
;2023-03-19 11:45;32;0;636;9;26;209;187;0;396;995
;2023-03-19 12:00;29;0;298;14;15;237;197;0;434;683
;2023-03-19 12:15;26;0;352;13;13;203;157;0;360;666
;2023-03-19 12:30;22;0;209;14;14;296;216;0;513;669
;2023-03-19 12:45;18;0;350;13;62;189;166;0;355;704
;2023-03-19 13:00;18;0;0;0;346;246;204;0;450;753
;2023-03-19 13:15;17;0;0;0;720;227;197;0;424;1102
;2023-03-19 13:30;17;0;0;0;970;231;187;0;418;1347
;2023-03-19 13:45;17;38;0;6;164;400;334;0;734;795
;2023-03-19 14:00;18;108;0;1;1;452;388;0;840;666
;2023-03-19 14:15;19;119;0;13;232;344;309;0;653;699
;2023-03-19 14:30;23;395;0;7;147;420;401;0;821;502
;2023-03-19 14:45;26;361;92;7;7;359;347;0;707;375
;2023-03-19 15:00;27;181;62;2;2;216;207;0;423;252
;2023-03-19 15:15;29;246;45;3;3;228;218;0;445;189
;2023-03-19 15:30;32;314;0;1;1;203;197;0;400;32
;2023-03-19 15:45;35;317;0;1;1;203;195;0;398;28
;2023-03-19 16:00;40;400;0;1;0;247;239;0;486;30
;2023-03-19 16:15;45;546;0;1;1;318;308;0;626;19
;2023-03-19 16:30;50;467;0;1;1;277;268;0;545;19
;2023-03-19 16:45;53;308;0;1;1;200;193;0;393;31
;2023-03-19 17:00;56;366;0;0;1;226;218;0;445;21
;2023-03-19 17:15;59;203;20;8;11;152;146;0;297;66
;2023-03-19 17:30;60;130;3;4;4;119;113;0;232;56
;2023-03-19 17:45;58;4;183;7;7;41;36;0;77;219
;2023-03-19 18:00;58;0;43;1;2;16;12;0;28;37
;2023-03-19 18:15;56;0;51;1;2;13;10;0;23;39
;2023-03-19 18:30;55;0;64;1;1;6;4;0;10;40
;2023-03-19 18:45;55;0;46;1;3;6;0;0;6;25
;2023-03-19 19:00;55;0;42;1;3;5;0;0;5;21
;2023-03-19 19:15;54;0;55;1;3;3;0;0;3;31
;2023-03-19 19:30;54;0;7;0;17;0;0;0;0;20
;2023-03-19 19:45;53;0;51;3;7;0;0;0;0;36
;2023-03-19 20:00;52;0;80;1;1;0;0;0;0;55
;2023-03-19 20:15;51;0;76;2;3;0;0;0;0;53
;2023-03-19 20:30;51;0;59;1;3;0;0;0;0;37
;2023-03-19 20:45;50;0;65;1;2;0;0;0;0;43
;2023-03-19 21:00;49;0;81;0;0;0;0;0;0;58
;2023-03-19 21:15;49;0;76;0;0;0;0;0;0;52
;2023-03-19 21:30;48;0;78;0;0;0;0;0;0;52
;2023-03-19 21:45;46;0;86;1;1;0;0;0;0;62
;2023-03-19 22:00;45;0;81;1;1;0;0;0;0;57
;2023-03-19 22:15;44;0;70;0;0;0;0;0;0;46
;2023-03-19 22:30;44;0;65;1;1;0;0;0;0;42
;2023-03-19 22:45;43;0;75;1;1;0;0;0;0;51
;2023-03-19 23:00;42;0;66;0;1;0;0;0;0;42
;2023-03-19 23:15;42;0;44;1;8;0;0;0;0;34
;2023-03-19 23:30;41;0;27;3;17;0;0;0;0;31
;2023-03-19 23:45;41;0;31;1;13;0;0;0;0;29
;2023-03-20 00:00;40;0;0;0;19;0;0;0;0;19
;2023-03-20 00:15;40;0;0;0;19;0;0;0;0;19
;2023-03-20 00:30;39;0;43;3;11;0;0;0;0;35
;2023-03-20 00:45;39;0;34;2;16;0;0;0;0;34
;2023-03-20 01:00;39;0;19;3;23;0;0;0;0;32
;2023-03-20 01:15;38;0;39;2;15;0;0;0;0;36
;2023-03-20 01:30;37;0;69;0;0;0;0;0;0;45
;2023-03-20 01:45;37;0;12;3;23;0;0;0;0;27
;2023-03-20 02:00;37;0;0;0;22;0;0;0;0;22
;2023-03-20 02:15;37;0;14;3;20;0;0;0;0;25
;2023-03-20 02:30;37;0;0;0;24;0;0;0;0;24
;2023-03-20 02:45;37;0;4;2;21;0;0;0;0;22
;2023-03-20 03:00;35;0;85;0;0;0;0;0;0;60
;2023-03-20 03:15;34;0;59;3;12;0;0;0;0;53
;2023-03-20 03:30;33;0;58;1;3;0;0;0;0;38
;2023-03-20 03:45;33;0;58;1;3;0;0;0;0;36
;2023-03-20 04:00;32;0;62;1;2;0;0;0;0;39
;2023-03-20 04:15;31;0;70;0;0;0;0;0;0;46
;2023-03-20 04:30;31;0;36;2;15;0;0;0;0;33
;2023-03-20 04:45;31;0;33;3;18;0;0;0;0;33
;2023-03-20 05:00;30;0;33;3;17;0;0;0;0;32
;2023-03-20 05:15;30;0;32;3;18;0;0;0;0;33
;2023-03-20 05:30;29;0;31;2;17;0;0;0;0;31
;2023-03-20 05:45;29;0;0;0;23;0;0;0;0;23
;2023-03-20 06:00;29;0;0;0;16;0;0;0;0;16
;2023-03-20 06:15;29;0;0;0;16;0;0;0;0;16
;2023-03-20 06:30;29;0;0;0;16;0;0;0;0;16
;2023-03-20 06:45;29;0;0;0;17;0;0;0;0;17
;2023-03-20 07:00;29;0;11;2;25;0;0;0;0;29
;2023-03-20 07:15;29;0;32;5;17;0;0;0;0;30
;2023-03-20 07:30;29;0;11;1;15;0;0;0;0;20
;2023-03-20 07:45;23;0;452;1;43;0;0;0;0;468
;2023-03-20 08:00;19;0;336;2;7;12;4;0;16;326
;2023-03-20 08:15;14;0;340;2;2;18;14;0;31;337
;2023-03-20 08:30;12;0;222;2;2;21;16;0;37;224
;2023-03-20 08:45;9;0;180;3;3;32;28;0;60;201
;2023-03-20 09:00;8;0;83;2;100;36;32;0;68;219
;2023-03-20 09:15;8;0;0;1;30;42;37;0;79;72
;2023-03-20 09:30;8;46;0;1;1;62;55;0;116;25
;2023-03-20 09:45;9;81;0;1;1;81;74;0;156;30
;2023-03-20 10:00;10;129;0;0;0;104;93;0;197;23
;2023-03-20 10:15;12;161;12;6;6;132;121;0;253;57
;2023-03-20 10:30;14;172;4;4;4;131;121;0;252;36
;2023-03-20 10:45;17;234;0;1;1;164;154;0;318;33
;2023-03-20 11:00;19;259;0;1;1;172;157;0;329;20
;2023-03-20 11:15;22;286;0;0;1;186;170;0;356;19
;2023-03-20 11:30;26;312;0;1;1;210;188;0;398;34
;2023-03-20 11:45;29;285;0;8;8;248;154;0;402;65
;2023-03-20 12:00;31;254;53;14;19;238;158;0;395;143
;2023-03-20 12:15;34;373;36;4;4;330;182;0;511;117
;2023-03-20 12:30;40;522;0;1;1;352;281;0;632;50
;2023-03-20 12:45;43;327;0;1;1;219;205;0;425;44
;2023-03-20 13:00;42;47;154;37;37;188;176;0;365;422
;2023-03-20 13:15;42;119;80;24;23;153;145;0;298;212
;2023-03-20 13:30;45;295;61;7;14;207;194;0;401;119
;2023-03-20 13:45;50;452;7;12;12;323;264;0;586;80
;2023-03-20 14:00;49;160;225;13;14;213;200;0;413;426
;2023-03-20 14:15;46;20;204;19;18;177;168;0;344;483
;2023-03-20 14:30;46;56;92;21;34;229;218;0;447;442
;2023-03-20 14:45;49;239;17;16;16;282;271;0;553;274
;2023-03-20 15:00;52;373;0;1;2;239;228;0;467;39
;2023-03-20 15:15;55;332;0;2;2;214;205;0;419;34
;2023-03-20 15:30;60;353;3;11;9;247;238;0;484;75
;2023-03-20 15:45;62;249;0;1;1;168;159;0;326;27
;2023-03-20 16:00;65;269;0;1;1;190;181;0;371;50
;2023-03-20 16:15;69;324;0;1;1;201;193;0;394;19
;2023-03-20 16:30;76;768;0;33;2;450;440;0;890;19
;2023-03-20 16:45;85;867;0;1;1;494;482;0;976;36
;2023-03-20 17:00;93;707;0;2;2;412;400;0;812;37
;2023-03-20 17:15;97;248;0;389;0;369;360;0;729;31
;2023-03-20 17:30;100;12;0;565;0;332;324;0;656;30
;2023-03-20 17:45;100;0;0;401;0;247;240;0;487;42
;2023-03-20 18:00;100;0;0;277;0;174;168;0;342;27
;2023-03-20 18:15;100;0;0;337;0;207;201;0;408;30
;2023-03-20 18:30;100;0;0;431;0;252;246;0;498;25
;2023-03-20 18:45;100;0;0;182;0;112;134;0;246;28
;2023-03-20 19:00;100;0;0;49;0;49;54;0;103;19
;2023-03-20 19:15;100;0;20;15;5;31;25;0;56;34
;2023-03-20 19:30;99;0;78;1;1;8;5;0;13;55
;2023-03-20 19:45;98;0;73;1;1;2;0;0;2;46
;2023-03-20 20:00;97;2;101;9;25;0;0;0;0;91
;2023-03-20 20:15;96;0;70;2;9;0;0;0;0;56
;2023-03-20 20:30;96;0;63;1;4;0;0;0;0;44
;2023-03-20 20:45;95;0;31;2;16;0;0;0;0;31
;2023-03-20 21:00;95;0;30;4;19;0;0;0;0;32
;2023-03-20 21:15;94;0;80;2;6;0;0;0;0;64
;2023-03-20 21:30;93;0;126;1;1;0;0;0;0;101
;2023-03-20 21:45;92;0;130;1;1;0;0;0;0;106
;2023-03-20 22:00;90;0;143;1;1;0;0;0;0;118
;2023-03-20 22:15;88;0;151;1;1;0;0;0;0;126
;2023-03-20 22:30;86;0;138;1;1;0;0;0;0;113
;2023-03-20 22:45;85;0;138;2;2;0;0;0;0;113
;2023-03-20 23:00;84;0;109;1;1;0;0;0;0;85
;2023-03-20 23:15;83;0;76;1;1;0;0;0;0;51
;2023-03-20 23:30;83;0;68;1;1;0;0;0;0;44
;2023-03-20 23:45;82;0;61;1;5;0;0;0;0;41
;2023-03-21 00:00;81;0;48;2;9;0;0;0;0;35
;2023-03-21 00:15;81;0;53;2;6;0;0;0;0;35
;2023-03-21 00:30;80;0;31;2;18;0;0;0;0;31
;2023-03-21 00:45;80;0;13;3;23;0;0;0;0;28
;2023-03-21 01:00;80;0;10;2;21;0;0;0;0;25
;2023-03-21 01:15;80;0;0;0;22;0;0;0;0;22
;2023-03-21 01:30;80;0;0;0;21;0;0;0;0;21
;2023-03-21 01:45;80;0;21;4;19;0;0;0;0;27
;2023-03-21 02:00;79;0;10;1;25;0;0;0;0;30
;2023-03-21 02:15;79;0;22;3;15;0;0;0;0;24
;2023-03-21 02:30;79;0;0;0;16;0;0;0;0;16
;2023-03-21 02:45;79;0;8;2;17;0;0;0;0;20
;2023-03-21 03:00;79;0;9;2;26;0;0;0;0;28
;2023-03-21 03:15;79;0;0;0;16;0;0;0;0;16
;2023-03-21 03:30;79;0;0;0;16;0;0;0;0;16
;2023-03-21 03:45;77;0;59;2;6;0;0;0;0;41
;2023-03-21 04:00;77;0;47;2;11;0;0;0;0;38
;2023-03-21 04:15;76;0;37;3;15;0;0;0;0;33
;2023-03-21 04:30;76;0;46;2;12;0;0;0;0;38
;2023-03-21 04:45;75;0;65;0;2;0;0;0;0;43
;2023-03-21 05:00;75;0;28;2;17;0;0;0;0;29
;2023-03-21 05:15;75;0;9;2;21;0;0;0;0;24
;2023-03-21 05:30;74;0;35;4;15;0;0;0;0;32
;2023-03-21 05:45;74;0;9;1;18;0;0;0;0;21
;2023-03-21 06:00;74;0;0;0;16;0;0;0;0;16
;2023-03-21 06:15;74;0;0;0;20;0;0;0;0;20
;2023-03-21 06:30;74;0;11;2;23;0;0;0;0;27
;2023-03-21 06:45;74;0;0;0;16;0;0;0;0;16
;2023-03-21 07:00;74;0;0;0;16;0;0;0;0;16
;2023-03-21 07:15;74;0;24;4;16;0;0;0;0;26
;2023-03-21 07:30;69;0;433;1;7;0;0;0;0;413
;2023-03-21 07:45;63;0;528;1;1;1;0;0;1;501
;2023-03-21 08:00;59;0;350;2;10;15;1;0;16;343
;2023-03-21 08:15;55;0;266;3;2;29;23;0;51;285
;2023-03-21 08:30;53;0;224;2;3;39;31;0;70;255
;2023-03-21 08:45;50;1;249;2;2;51;44;0;95;293
;2023-03-21 09:00;50;6;49;2;2;56;48;0;105;92
;2023-03-21 09:15;48;22;176;9;13;67;59;0;126;241
;2023-03-21 09:30;49;41;0;0;0;66;57;0;123;34
;2023-03-21 09:45;49;15;0;1;1;54;48;0;103;35
;2023-03-21 10:00;49;0;14;4;4;51;45;0;96;61
;2023-03-21 10:15;49;32;35;9;9;63;53;0;116;71
;2023-03-21 10:30;50;121;0;1;1;112;90;0;202;31
;2023-03-21 10:45;52;230;20;6;9;181;147;0;329;68
;2023-03-21 11:00;54;215;7;9;10;177;139;0;317;56
;2023-03-21 11:15;58;325;0;4;4;223;183;0;405;25
;2023-03-21 11:30;62;364;0;1;1;236;201;0;437;19
;2023-03-21 11:45;63;209;78;6;6;196;162;0;358;176
;2023-03-21 12:00;62;93;195;19;19;303;206;0;509;555
;2023-03-21 12:15;65;307;11;17;17;353;275;0;628;274
;2023-03-21 12:30;67;231;19;21;21;255;227;0;482;215
;2023-03-21 12:45;71;357;8;10;9;279;250;0;529;123
;2023-03-21 13:00;75;404;0;3;3;301;273;0;574;111
;2023-03-21 13:15;79;368;0;42;41;378;325;0;703;273
;2023-03-21 13:30;83;325;0;42;42;364;322;0;686;303
;2023-03-21 13:45;87;499;16;5;5;351;315;0;666;123
;2023-03-21 14:00;93;548;0;2;2;367;330;0;697;89
;2023-03-21 14:15;95;189;0;9;9;293;277;0;570;324
;2023-03-21 14:30;95;121;25;2;2;239;227;0;466;318
;2023-03-21 14:45;95;84;159;2;2;201;191;0;392;418
;2023-03-21 15:00;95;155;108;2;2;198;188;0;386;288
;2023-03-21 15:15;96;256;82;11;11;242;231;0;473;244
;2023-03-21 15:30;99;380;0;25;1;261;248;0;509;47
;2023-03-21 15:45;100;68;0;463;0;313;301;0;614;28
;2023-03-21 16:00;100;0;0;521;0;299;288;0;587;19
;2023-03-21 16:15;100;0;0;473;0;283;274;0;557;40
;2023-03-21 16:30;100;0;0;508;0;298;289;0;587;34
;2023-03-21 16:45;100;0;0;368;0;226;217;0;443;34
;2023-03-21 17:00;100;0;0;195;0;141;132;0;273;41
;2023-03-21 17:15;100;0;0;199;0;145;138;0;282;45
;2023-03-21 17:30;100;0;0;282;0;181;173;0;354;32
;2023-03-21 17:45;100;0;0;206;0;146;139;0;285;40
;2023-03-21 18:00;100;0;0;127;0;105;99;0;204;40
;2023-03-21 18:15;100;0;0;65;0;71;66;0;137;37
;2023-03-21 18:30;100;0;0;27;0;46;41;0;87;27
;2023-03-21 18:45;100;0;1;7;0;35;31;0;66;27
;2023-03-21 19:00;99;0;11;2;2;23;20;0;43;27
;2023-03-21 19:15;99;0;40;1;2;12;9;0;21;27
;2023-03-21 19:30;98;0;67;1;3;4;1;0;5;40
;2023-03-21 19:45;97;0;93;2;2;0;0;0;0;68
;2023-03-21 20:00;97;0;87;0;0;0;0;0;0;63
;2023-03-21 20:15;96;0;94;1;1;0;0;0;0;69
;2023-03-21 20:30;95;0;89;1;1;0;0;0;0;64
;2023-03-21 20:45;94;0;89;0;0;0;0;0;0;66
;2023-03-21 21:00;93;0;81;0;0;0;0;0;0;57
;2023-03-21 21:15;92;0;65;1;2;0;0;0;0;41
;2023-03-21 21:30;92;0;65;2;6;0;0;0;0;46
;2023-03-21 21:45;91;0;76;1;1;0;0;0;0;51
;2023-03-21 22:00;90;0;61;1;2;0;0;0;0;39
;2023-03-21 22:15;90;0;61;1;2;0;0;0;0;38
;2023-03-21 22:30;88;0;75;1;1;0;0;0;0;50
;2023-03-21 22:45;87;0;66;2;2;0;0;0;0;42
;2023-03-21 23:00;87;0;43;3;11;0;0;0;0;34
;2023-03-21 23:15;86;0;75;1;1;0;0;0;0;50
;2023-03-21 23:30;85;0;81;1;1;0;0;0;0;56
;2023-03-21 23:45;85;0;72;1;1;0;0;0;0;47
;2023-03-22 00:00;84;0;72;1;1;0;0;0;0;47
;2023-03-22 00:15;83;0;83;2;2;0;0;0;0;57
;2023-03-22 00:30;83;0;56;2;5;0;0;0;0;38
;2023-03-22 00:45;82;0;38;2;13;0;0;0;0;32
;2023-03-22 01:00;82;0;33;3;16;0;0;0;0;33
;2023-03-22 01:15;81;0;40;1;8;0;0;0;0;28
;2023-03-22 01:30;81;0;0;0;20;0;0;0;0;20
;2023-03-22 01:45;81;0;4;2;19;0;0;0;0;20
;2023-03-22 02:00;80;0;31;2;18;0;0;0;0;31
;2023-03-22 02:15;80;0;0;0;17;0;0;0;0;17
;2023-03-22 02:30;80;0;0;0;17;0;0;0;0;17
;2023-03-22 02:45;80;0;34;3;12;0;0;0;0;31
;2023-03-22 03:00;79;0;60;1;5;0;0;0;0;40
;2023-03-22 03:15;79;0;43;2;12;0;0;0;0;34
;2023-03-22 03:30;77;0;39;2;16;0;0;0;0;35
;2023-03-22 03:45;77;0;72;0;0;0;0;0;0;47
;2023-03-22 04:00;76;0;19;3;21;0;0;0;0;27
;2023-03-22 04:15;76;0;5;0;21;0;0;0;0;24
;2023-03-22 04:30;76;0;18;3;20;0;0;0;0;27
;2023-03-22 04:45;76;0;18;1;16;0;0;0;0;24
;2023-03-22 05:00;76;0;0;0;17;0;0;0;0;17
;2023-03-22 05:15;76;0;0;0;17;0;0;0;0;17
;2023-03-22 05:30;75;0;36;4;15;0;0;0;0;31
;2023-03-22 05:45;75;0;3;0;16;0;0;0;0;18
;2023-03-22 06:00;75;0;0;0;17;0;0;0;0;17
;2023-03-22 06:15;75;0;17;3;16;0;0;0;0;24
;2023-03-22 06:30;74;0;52;2;8;0;0;0;0;37
;2023-03-22 06:45;74;0;45;3;10;0;0;0;0;34
;2023-03-22 07:00;74;0;33;3;17;0;0;0;0;33
;2023-03-22 07:15;73;0;61;1;7;0;0;0;0;44
;2023-03-22 07:30;73;0;37;3;14;0;0;0;0;32
;2023-03-22 07:45;72;0;39;2;8;5;0;0;5;27
;2023-03-22 08:00;72;0;40;1;3;12;1;0;13;26
;2023-03-22 08:15;66;0;480;1;1;20;12;0;32;474
;2023-03-22 08:30;61;0;468;0;0;25;17;0;42;471
;2023-03-22 08:45;59;0;199;3;3;26;22;0;48;211
;2023-03-22 09:00;56;0;197;9;9;28;23;0;51;214
;2023-03-22 09:15;55;2;27;7;19;30;26;0;56;61
;2023-03-22 09:30;55;0;0;3;3;32;27;0;59;21
;2023-03-22 09:45;55;0;0;4;4;33;28;0;62;22
;2023-03-22 10:00;55;0;0;3;3;41;33;0;74;35
;2023-03-22 10:15;55;17;20;4;12;62;45;0;107;66
;2023-03-22 10:30;56;66;0;1;0;86;61;0;147;35
;2023-03-22 10:45;58;98;0;1;1;113;75;0;187;41
;2023-03-22 11:00;59;146;0;1;1;144;91;0;235;40
;2023-03-22 11:15;61;187;2;2;4;179;110;0;289;54
;2023-03-22 11:30;62;149;94;2;2;210;137;0;347;243
;2023-03-22 11:45;64;254;33;3;4;232;161;0;393;118
;2023-03-22 12:00;62;12;205;6;6;267;193;0;460;601
;2023-03-22 12:15;63;185;22;29;29;291;215;0;506;286
;2023-03-22 12:30;66;335;25;37;37;320;236;0;556;187
;2023-03-22 12:45;61;0;497;38;39;348;269;0;618;1055
;2023-03-22 13:00;55;3;465;26;40;375;312;0;686;1099
;2023-03-22 13:15;53;119;300;15;17;404;344;0;748;868
;2023-03-22 13:30;60;605;0;6;6;427;369;0;796;124
;2023-03-22 13:45;63;345;39;19;23;448;392;0;840;472
;2023-03-22 14:00;70;564;1;8;8;459;405;0;865;235
;2023-03-22 14:15;76;682;0;5;5;470;417;0;887;135
;2023-03-22 14:30;82;521;2;4;5;479;462;0;941;353
;2023-03-22 14:45;85;329;0;3;3;512;499;0;1012;613
;2023-03-22 15:00;91;491;0;6;5;491;479;0;970;409
;2023-03-22 15:15;96;554;0;5;5;524;509;0;1033;404
;2023-03-22 15:30;99;348;37;10;9;382;373;0;756;383
;2023-03-22 15:45;99;287;5;173;8;485;473;0;958;441
;2023-03-22 16:00;100;11;0;689;0;514;499;0;1013;249
;2023-03-22 16:15;100;0;0;646;0;457;443;0;900;196
;2023-03-22 16:30;100;0;4;491;0;345;335;0;679;142
;2023-03-22 16:45;100;0;0;755;0;434;422;0;856;43
;2023-03-22 17:00;100;0;0;769;0;450;439;0;888;62
;2023-03-22 17:15;100;0;0;301;0;443;431;0;875;517
;2023-03-22 17:30;100;0;0;268;0;418;407;0;824;502
;2023-03-22 17:45;99;0;45;225;14;356;347;0;703;484
;2023-03-22 18:00;99;0;53;438;12;274;268;0;542;123
;2023-03-22 18:15;99;0;3;250;3;166;157;0;322;39
;2023-03-22 18:30;99;0;0;379;0;239;228;0;467;47
;2023-03-22 18:45;99;0;0;211;0;121;166;0;287;39
;2023-03-22 19:00;99;0;0;31;0;48;49;0;97;31
;2023-03-22 19:15;98;0;27;2;2;28;24;0;52;46
;2023-03-22 19:30;98;0;76;0;0;11;9;0;19;60
;2023-03-22 19:45;97;0;69;1;1;1;1;0;2;44
;2023-03-22 20:00;96;0;65;1;2;0;0;0;0;42
;2023-03-22 20:15;95;0;90;1;1;0;0;0;0;66
;2023-03-22 20:30;95;0;67;0;0;0;0;0;0;43
;2023-03-22 20:45;94;0;64;0;1;0;0;0;0;41
;2023-03-22 21:00;93;0;75;1;1;0;0;0;0;51
;2023-03-22 21:15;93;0;67;1;1;0;0;0;0;44
;2023-03-22 21:30;92;0;63;1;1;0;0;0;0;41
;2023-03-22 21:45;91;0;74;1;1;0;0;0;0;51
;2023-03-22 22:00;90;0;90;0;0;0;0;0;0;67
;2023-03-22 22:15;90;0;81;0;0;0;0;0;0;57
;2023-03-22 22:30;88;0;80;1;1;0;0;0;0;56
;2023-03-22 22:45;87;0;87;2;2;0;0;0;0;63
;2023-03-22 23:00;86;0;72;0;0;0;0;0;0;48
;2023-03-22 23:15;86;0;69;1;1;0;0;0;0;44
;2023-03-22 23:30;85;0;76;1;1;0;0;0;0;51
;2023-03-22 23:45;84;0;65;1;2;0;0;0;0;43
;2023-03-23 00:00;84;0;36;1;12;0;0;0;0;33
;2023-03-23 00:15;83;0;23;4;26;0;0;0;0;35
;2023-03-23 00:30;83;0;42;3;16;0;0;0;0;40
;2023-03-23 00:45;82;0;0;0;21;0;0;0;0;21
;2023-03-23 01:00;82;0;0;0;21;0;0;0;0;21
;2023-03-23 01:15;82;0;32;4;18;0;0;0;0;32
;2023-03-23 01:30;82;0;11;1;16;0;0;0;0;21
;2023-03-23 01:45;82;0;0;0;17;0;0;0;0;17
;2023-03-23 02:00;81;0;38;3;15;0;0;0;0;36
;2023-03-23 02:15;81;0;63;1;4;0;0;0;0;43
;2023-03-23 02:30;80;0;39;2;13;0;0;0;0;33
;2023-03-23 02:45;80;0;37;3;16;0;0;0;0;33
;2023-03-23 03:00;79;0;70;0;2;0;0;0;0;47
;2023-03-23 03:15;79;0;38;2;14;0;0;0;0;33
;2023-03-23 03:30;79;0;19;3;20;0;0;0;0;28
;2023-03-23 03:45;77;0;40;3;12;0;0;0;0;33
;2023-03-23 04:00;77;0;36;1;10;0;0;0;0;30
;2023-03-23 04:15;77;0;0;0;17;0;0;0;0;17
;2023-03-23 04:30;77;0;0;0;18;0;0;0;0;18
;2023-03-23 04:45;76;0;20;3;22;0;0;0;0;31
;2023-03-23 05:00;76;0;0;0;17;0;0;0;0;17
;2023-03-23 05:15;76;0;0;0;17;0;0;0;0;17
;2023-03-23 05:30;76;0;22;3;15;0;0;0;0;26
;2023-03-23 05:45;76;0;18;1;16;0;0;0;0;25
;2023-03-23 06:00;76;0;10;2;24;0;0;0;0;28
;2023-03-23 06:15;75;0;29;4;20;0;0;0;0;33
;2023-03-23 06:30;75;0;69;0;0;0;0;0;0;46
;2023-03-23 06:45;74;0;33;3;17;0;0;0;0;32
;2023-03-23 07:00;74;0;12;1;24;0;0;0;0;29
;2023-03-23 07:15;74;0;50;4;8;0;0;0;0;36
;2023-03-23 07:30;73;0;30;1;13;0;0;0;0;30
;2023-03-23 07:45;73;0;0;0;21;1;1;0;1;21
;2023-03-23 08:00;73;0;0;0;17;2;2;0;3;17
;2023-03-23 08:15;71;0;240;0;219;16;14;0;30;468
;2023-03-23 08:30;66;0;331;2;2;23;20;0;43;341
;2023-03-23 08:45;65;0;154;2;1;27;22;0;49;169
;2023-03-23 09:00;63;5;186;4;4;38;32;0;70;205
;2023-03-23 09:15;63;75;0;0;0;73;66;0;139;19
;2023-03-23 09:30;64;96;0;0;1;88;80;0;168;26
;2023-03-23 09:45;65;83;0;0;0;84;75;0;159;32
;2023-03-23 10:00;66;137;0;1;1;119;108;0;227;43
;2023-03-23 10:15;69;187;0;0;0;145;135;0;279;44
;2023-03-23 10:30;71;214;0;1;1;155;144;0;299;38
;2023-03-23 10:45;73;202;0;0;0;143;133;0;277;28
;2023-03-23 11:00;76;269;0;1;1;179;168;0;347;30
;2023-03-23 11:15;79;258;0;0;0;176;165;0;341;34
;2023-03-23 11:30;81;198;0;0;1;136;126;0;263;18
;2023-03-23 11:45;84;252;0;1;1;165;153;0;319;19
;2023-03-23 12:00;86;279;0;1;0;187;173;0;359;32
;2023-03-23 12:15;91;333;0;0;0;209;193;0;403;19
;2023-03-23 12:30;94;326;0;0;0;204;190;0;395;19
;2023-03-23 12:45;96;431;0;1;1;267;245;0;512;28
;2023-03-23 13:00;99;371;0;11;1;242;224;0;466;31
;2023-03-23 13:15;100;65;0;211;0;181;168;0;349;31
;2023-03-23 13:30;100;0;0;314;0;201;185;0;386;34
;2023-03-23 13:45;100;0;0;203;0;145;134;0;280;41
;2023-03-23 14:00;99;0;52;220;13;199;184;0;383;186
;2023-03-23 14:15;99;116;99;3;2;231;215;0;446;380
;2023-03-23 14:30;99;79;74;149;7;258;241;0;500;305
;2023-03-23 14:45;99;170;152;11;30;277;258;0;535;483
;2023-03-23 15:00;100;75;0;415;0;293;280;0;573;36
;2023-03-23 15:15;100;0;0;286;0;188;177;0;365;41
;2023-03-23 15:30;100;0;0;169;0;128;119;0;247;43
;2023-03-23 15:45;100;0;0;163;0;120;111;0;231;34
;2023-03-23 16:00;100;0;0;94;0;84;76;0;160;33
;2023-03-23 16:15;100;0;0;133;0;111;103;0;214;46
;2023-03-23 16:30;100;0;0;101;0;89;80;0;170;35
;2023-03-23 16:45;100;0;0;92;0;84;76;0;160;34
;2023-03-23 17:00;100;0;1;46;0;65;55;0;120;42
;2023-03-23 17:15;100;0;0;46;0;65;56;0;121;43
;2023-03-23 17:30;100;0;0;48;0;62;53;0;115;35
;2023-03-23 17:45;99;0;86;13;2;42;36;0;79;121
;2023-03-23 18:00;98;0;64;11;9;42;37;0;78;108
;2023-03-23 18:15;98;0;28;9;8;37;33;0;70;68
;2023-03-23 18:30;97;1;56;15;25;34;29;0;63;99
;2023-03-23 18:45;97;0;34;1;1;26;23;0;49;49
;2023-03-23 19:00;96;0;46;1;1;16;13;0;29;39
;2023-03-23 19:15;96;0;55;2;3;10;7;0;16;38
;2023-03-23 19:30;95;0;70;1;2;4;3;0;7;43
;2023-03-23 19:45;94;0;77;2;2;0;0;0;0;52
;2023-03-23 20:00;94;0;78;0;0;0;0;0;0;54
;2023-03-23 20:15;93;0;95;2;2;0;0;0;0;71
;2023-03-23 20:30;92;0;88;0;0;0;0;0;0;64
;2023-03-23 20:45;91;0;79;0;0;0;0;0;0;54
;2023-03-23 21:00;90;0;77;0;0;0;0;0;0;52
;2023-03-23 21:15;88;0;86;1;1;0;0;0;0;62
;2023-03-23 21:30;88;0;78;0;0;0;0;0;0;53
;2023-03-23 21:45;87;0;73;1;1;0;0;0;0;48
;2023-03-23 22:00;86;0;80;1;1;0;0;0;0;55
;2023-03-23 22:15;85;0;82;1;1;0;0;0;0;58
;2023-03-23 22:30;85;0;74;0;0;0;0;0;0;50
;2023-03-23 22:45;84;0;81;2;2;0;0;0;0;56
;2023-03-23 23:00;83;0;89;1;1;0;0;0;0;65
;2023-03-23 23:15;82;0;79;0;0;0;0;0;0;54
;2023-03-23 23:30;81;0;81;1;1;0;0;0;0;55
;2023-03-23 23:45;80;0;86;1;1;0;0;0;0;62
;2023-03-24 00:00;79;0;88;1;1;0;0;0;0;63
;2023-03-24 00:15;79;0;78;2;2;0;0;0;0;54
;2023-03-24 00:30;77;0;69;1;1;0;0;0;0;44
;2023-03-24 00:45;76;0;79;1;1;0;0;0;0;55
;2023-03-24 01:00;76;0;54;2;8;0;0;0;0;39
;2023-03-24 01:15;75;0;39;3;14;0;0;0;0;33
;2023-03-24 01:30;75;0;46;2;12;0;0;0;0;37
;2023-03-24 01:45;74;0;56;2;4;0;0;0;0;37
;2023-03-24 02:00;74;0;9;2;24;0;0;0;0;27
;2023-03-24 02:15;73;0;14;3;23;0;0;0;0;28
;2023-03-24 02:30;73;0;15;3;23;0;0;0;0;28
;2023-03-24 02:45;73;0;14;3;22;0;0;0;0;28
;2023-03-24 03:00;72;0;7;2;25;0;0;0;0;27
;2023-03-24 03:15;72;0;9;2;25;0;0;0;0;27
;2023-03-24 03:30;72;0;9;2;24;0;0;0;0;27
;2023-03-24 03:45;72;0;8;2;24;0;0;0;0;27
;2023-03-24 04:00;72;0;13;3;22;0;0;0;0;27
;2023-03-24 04:15;72;0;21;2;19;0;0;0;0;31
;2023-03-24 04:30;71;0;64;0;1;0;0;0;0;41
;2023-03-24 04:45;70;0;62;1;2;0;0;0;0;40
;2023-03-24 05:00;70;0;43;2;10;0;0;0;0;33
;2023-03-24 05:15;70;0;13;3;21;0;0;0;0;26
;2023-03-24 05:30;69;0;38;4;12;0;0;0;0;31
;2023-03-24 05:45;69;0;53;1;5;0;0;0;0;37
;2023-03-24 06:00;69;0;8;2;22;0;0;0;0;25
;2023-03-24 06:15;67;0;8;2;23;0;0;0;0;25
;2023-03-24 06:30;67;0;57;3;6;0;0;0;0;40
;2023-03-24 06:45;67;0;15;3;20;0;0;0;0;26
;2023-03-24 07:00;66;0;16;3;19;0;0;0;0;25
;2023-03-24 07:15;66;0;49;3;8;0;0;0;0;35
;2023-03-24 07:30;66;0;29;1;15;0;0;0;0;32
;2023-03-24 07:45;66;0;0;0;24;0;0;0;1;24
;2023-03-24 08:00;65;0;37;3;10;5;0;0;5;28
;2023-03-24 08:15;64;0;74;1;3;4;0;0;4;50
;2023-03-24 08:30;64;0;6;0;22;1;0;0;1;24
;2023-03-24 08:45;64;0;0;0;24;1;1;0;2;24
;2023-03-24 09:00;64;0;33;3;13;7;6;0;13;35
;2023-03-24 09:15;64;0;19;2;2;19;16;0;34;29
;2023-03-24 09:30;61;1;211;9;19;26;22;0;48;238
;2023-03-24 09:45;61;0;17;2;2;23;20;0;42;32
;2023-03-24 10:00;61;0;5;2;2;35;31;0;66;34
;2023-03-24 10:15;61;14;0;2;2;51;44;0;95;31
;2023-03-24 10:30;61;0;2;3;3;29;25;0;54;30
;2023-03-24 10:45;61;2;39;10;10;48;43;0;91;80
;2023-03-24 11:00;61;46;9;2;2;64;57;0;121;37
;2023-03-24 11:15;62;72;0;1;1;76;68;0;145;27
;2023-03-24 11:30;62;38;0;1;1;65;58;0;122;37
;2023-03-24 11:45;62;38;0;1;1;62;56;0;118;31
;2023-03-24 12:00;62;23;67;2;2;58;52;0;110;104
;2023-03-24 12:15;63;104;0;1;1;96;88;0;185;31
;2023-03-24 12:30;63;64;0;1;1;80;72;0;152;37
;2023-03-24 12:45;64;48;0;1;1;68;61;0;128;30
;2023-03-24 13:00;62;8;159;9;9;42;37;0;79;185
;2023-03-24 13:15;60;25;242;20;22;58;54;0;112;289
;2023-03-24 13:30;60;46;28;15;20;81;75;0;156;96
;2023-03-24 13:45;60;8;49;10;10;47;42;0;89;80
;2023-03-24 14:00;60;0;1;3;3;42;37;0;78;36
;2023-03-24 14:15;61;109;0;0;0;100;93;0;192;37
;2023-03-24 14:30;62;90;0;0;0;86;80;0;166;30
;2023-03-24 14:45;63;189;16;10;10;157;148;0;305;84
;2023-03-24 15:00;64;114;0;0;0;108;100;0;208;46
;2023-03-24 15:15;65;30;0;2;2;58;52;0;110;33
;2023-03-24 15:30;64;3;0;2;2;45;40;0;85;33
;2023-03-24 15:45;65;26;0;2;1;61;55;0;116;41
;2023-03-24 16:00;65;23;0;1;1;59;52;0;111;38
;2023-03-24 16:15;65;24;0;1;1;57;51;0;107;31
;2023-03-24 16:30;65;8;14;2;2;36;31;0;67;36
;2023-03-24 16:45;65;0;11;2;2;31;26;0;57;42
;2023-03-24 17:00;65;0;8;2;2;26;22;0;48;24
;2023-03-24 17:15;64;0;12;2;3;20;16;0;36;19
;2023-03-24 17:30;64;0;1;3;3;30;26;0;56;29
;2023-03-24 17:45;64;0;11;2;2;24;19;0;43;24
;2023-03-24 18:00;64;0;37;1;3;12;8;0;19;22
;2023-03-24 18:15;64;0;37;1;2;14;10;0;23;26
;2023-03-24 18:30;63;0;59;1;2;9;5;0;14;39
;2023-03-24 18:45;62;0;61;1;3;6;2;0;7;36
;2023-03-24 19:00;62;0;56;1;3;9;0;0;9;36
;2023-03-24 19:15;61;0;66;1;1;10;6;0;17;47
;2023-03-24 19:30;60;0;59;2;6;2;1;0;2;38
;2023-03-24 19:45;60;0;36;4;18;0;0;0;0;34
;2023-03-24 20:00;59;0;79;1;1;0;0;0;0;54
;2023-03-24 20:15;58;0;88;1;1;0;0;0;0;64
;2023-03-24 20:30;58;0;62;1;1;0;0;0;0;41
;2023-03-24 20:45;56;0;61;1;2;0;0;0;0;38
;2023-03-24 21:00;55;0;63;1;1;0;0;0;0;39
;2023-03-24 21:15;55;0;64;1;2;0;0;0;0;42
;2023-03-24 21:30;54;0;58;1;3;0;0;0;0;36
;2023-03-24 21:45;54;0;59;1;3;0;0;0;0;37
;2023-03-24 22:00;53;0;55;2;6;0;0;0;0;37
;2023-03-24 22:15;52;0;72;0;0;0;0;0;0;47
;2023-03-24 22:30;51;0;77;0;0;0;0;0;0;52
;2023-03-24 22:45;51;0;86;2;2;0;0;0;0;61
;2023-03-24 23:00;50;0;80;1;1;0;0;0;0;56
;2023-03-24 23:15;49;0;69;1;1;0;0;0;0;44
;2023-03-24 23:30;48;0;62;1;2;0;0;0;0;38
;2023-03-24 23:45;48;0;71;1;1;0;0;0;0;47
;2023-03-25 00:00;46;0;41;2;13;0;0;0;0;35
;2023-03-25 00:15;46;0;24;5;18;0;0;0;0;27
;2023-03-25 00:30;45;0;30;3;15;0;0;0;0;32
;2023-03-25 00:45;45;0;36;1;9;0;0;0;0;30
;2023-03-25 01:00;44;0;0;0;19;0;0;0;0;19
;2023-03-25 01:15;44;0;6;2;18;0;0;0;0;20
;2023-03-25 01:30;44;0;15;1;22;0;0;0;0;29
;2023-03-25 01:45;44;0;9;2;22;0;0;0;0;25
;2023-03-25 02:00;44;0;18;3;24;0;0;0;0;32
;2023-03-25 02:15;43;0;61;1;6;0;0;0;0;44
;2023-03-25 02:30;43;0;39;3;15;0;0;0;0;37
;2023-03-25 02:45;42;0;9;2;27;0;0;0;0;30
;2023-03-25 03:00;42;0;33;3;15;0;0;0;0;32
;2023-03-25 03:15;41;0;47;1;7;0;0;0;0;34
;2023-03-25 03:30;41;0;0;0;20;0;0;0;0;20
;2023-03-25 03:45;41;0;0;0;17;0;0;0;0;17
;2023-03-25 04:00;41;0;23;4;20;0;0;0;0;29
;2023-03-25 04:15;41;0;0;0;19;0;0;0;0;19
;2023-03-25 04:30;41;0;0;0;17;0;0;0;0;17
;2023-03-25 04:45;41;0;14;3;17;0;0;0;0;23
;2023-03-25 05:00;41;0;0;0;25;0;0;0;0;25
;2023-03-25 05:15;41;0;10;2;24;0;0;0;0;28
;2023-03-25 05:30;40;0;28;3;20;0;0;0;0;33
;2023-03-25 05:45;40;0;71;1;1;0;0;0;0;46
;2023-03-25 06:00;39;0;39;3;14;0;0;0;0;34
;2023-03-25 06:15;39;0;9;2;26;0;0;0;0;29
;2023-03-25 06:30;39;0;34;3;14;0;0;0;0;32
;2023-03-25 06:45;38;0;37;1;10;0;0;0;0;31
;2023-03-25 07:00;38;0;0;0;18;0;0;0;0;18
;2023-03-25 07:15;38;0;0;0;17;0;0;0;0;17
;2023-03-25 07:30;38;0;30;4;16;0;0;0;0;30
;2023-03-25 07:45;38;0;5;1;16;1;0;0;1;18
;2023-03-25 08:00;38;0;0;0;17;1;1;0;1;17
;2023-03-25 08:15;37;0;43;3;18;6;3;0;8;37
;2023-03-25 08:30;37;0;42;1;2;10;6;0;16;29
;2023-03-25 08:45;35;0;40;1;2;15;12;0;27;33
;2023-03-25 09:00;35;0;19;2;2;24;19;0;43;33
;2023-03-25 09:15;35;0;17;2;2;36;32;0;67;45
;2023-03-25 09:30;32;2;229;11;19;36;30;0;65;265
;2023-03-25 09:45;32;0;4;2;2;49;42;0;91;60
;2023-03-25 10:00;32;37;2;2;2;78;71;0;149;65
;2023-03-25 10:15;34;190;0;1;1;148;136;0;284;45
;2023-03-25 10:30;35;127;0;1;1;112;102;0;214;41
;2023-03-25 10:45;37;96;0;1;1;96;87;0;183;41
;2023-03-25 11:00;39;182;0;1;1;146;135;0;281;50
;2023-03-25 11:15;39;37;0;1;1;63;56;0;120;37
;2023-03-25 11:30;41;190;0;0;0;142;132;0;274;36
;2023-03-25 11:45;42;103;0;1;1;101;91;0;192;43
;2023-03-25 12:00;44;236;0;1;1;169;156;0;326;39
;2023-03-25 12:15;48;273;0;1;1;185;173;0;358;33
;2023-03-25 12:30;48;46;0;1;1;66;60;0;126;35
;2023-03-25 12:45;48;34;0;1;1;66;60;0;126;40
;2023-03-25 13:00;49;47;0;0;0;62;56;0;118;26
;2023-03-25 13:15;49;23;0;2;2;49;42;0;91;23
;2023-03-25 13:30;50;156;0;1;1;122;112;0;234;30
;2023-03-25 13:45;52;255;17;7;7;240;218;0;458;169
;2023-03-25 14:00;55;242;1;34;34;271;218;0;489;193
;2023-03-25 14:15;60;479;0;31;31;425;374;0;799;254
;2023-03-25 14:30;65;472;4;9;9;328;311;0;640;110
;2023-03-25 14:45;71;626;33;28;27;483;468;0;951;285
;2023-03-25 15:00;76;535;30;9;9;506;493;0;999;421
;2023-03-25 15:15;79;321;76;32;36;558;544;0;1101;785
;2023-03-25 15:30;79;179;162;28;29;302;289;0;591;515
;2023-03-25 15:45;73;3;470;19;50;184;174;0;358;801
;2023-03-25 16:00;67;44;577;27;83;192;183;0;375;906
;2023-03-25 16:15;67;140;132;33;33;184;174;0;358;298
;2023-03-25 16:30;67;125;146;24;25;157;148;0;305;274
;2023-03-25 16:45;65;56;166;25;26;97;90;0;188;253
;2023-03-25 17:00;64;29;171;24;25;77;70;0;147;244
;2023-03-25 17:15;61;8;230;27;29;36;31;0;68;250
;2023-03-25 17:30;59;4;237;24;25;24;20;0;44;244
;2023-03-25 17:45;56;14;192;27;28;51;44;0;95;236
;2023-03-25 18:00;59;288;89;21;20;274;260;0;534;278
;2023-03-25 18:15;58;56;104;18;20;82;74;0;156;162
;2023-03-25 18:30;56;2;168;15;15;19;14;0;33;161
;2023-03-25 18:45;55;20;97;11;11;41;44;0;85;123
;2023-03-25 19:00;51;7;321;15;21;39;36;0;75;353
;2023-03-25 19:15;50;12;173;27;62;43;40;0;83;240
;2023-03-25 19:30;49;0;60;1;2;6;5;0;11;37
;2023-03-25 19:45;48;0;74;1;1;4;2;0;5;46
;2023-03-25 20:00;48;0;71;1;1;0;0;0;0;47
;2023-03-25 20:15;45;0;161;2;2;0;0;0;0;136
;2023-03-25 20:30;44;1;126;4;18;0;0;0;0;115
;2023-03-25 20:45;42;4;151;14;52;0;0;0;0;160
;2023-03-25 21:00;42;0;49;2;9;0;0;0;0;36
;2023-03-25 21:15;41;0;55;2;8;0;0;0;0;41
;2023-03-25 21:30;40;0;64;0;3;0;0;0;0;45
;2023-03-25 21:45;40;0;44;2;11;0;0;0;0;34
;2023-03-25 22:00;39;0;60;1;4;0;0;0;0;40
;2023-03-25 22:15;38;0;85;1;1;0;0;0;0;61
;2023-03-25 22:30;37;0;79;0;0;0;0;0;0;54
;2023-03-25 22:45;37;0;76;2;2;0;0;0;0;51
;2023-03-25 23:00;35;0;80;1;1;0;0;0;0;56
;2023-03-25 23:15;34;0;80;0;0;0;0;0;0;56
;2023-03-25 23:30;33;0;68;0;0;0;0;0;0;42
;2023-03-25 23:45;33;0;63;1;2;0;0;0;0;39
;2023-03-26 00:00;32;0;74;1;1;0;0;0;0;50
;2023-03-26 00:15;31;0;62;2;3;0;0;0;0;39
;2023-03-26 00:30;31;0;38;1;8;0;0;0;0;30
;2023-03-26 00:45;30;0;0;0;24;0;0;0;0;24
;2023-03-26 01:00;30;0;22;4;18;0;0;0;0;26
;2023-03-26 01:15;30;0;0;0;19;0;0;0;0;19
;2023-03-26 01:30;29;0;9;2;27;0;0;0;0;30
;2023-03-26 01:45;29;0;66;2;4;0;0;0;0;45
;2023-03-26 02:00;28;0;42;2;13;0;0;0;0;34
;2023-03-26 02:15;28;0;12;1;25;0;0;0;0;31
;2023-03-26 02:30;27;0;10;2;29;0;0;0;0;33
;2023-03-26 02:45;27;0;40;3;11;0;0;0;0;34
;2023-03-26 03:00;27;0;0;0;21;0;0;0;0;21
;2023-03-26 03:15;26;0;0;0;16;0;0;0;0;16
;2023-03-26 03:30;26;0;16;3;22;0;0;0;0;28
;2023-03-26 03:45;26;0;0;0;18;0;0;0;0;18
;2023-03-26 04:00;24;0;0;0;16;0;0;0;0;16
;2023-03-26 04:15;24;0;7;2;19;0;0;0;0;22
;2023-03-26 04:30;24;0;6;2;24;0;0;0;0;25
;2023-03-26 04:45;24;0;0;0;18;0;0;0;0;18
;2023-03-26 05:00;24;0;8;2;26;0;0;0;0;29
;2023-03-26 05:15;23;0;61;3;6;0;0;0;0;44
;2023-03-26 05:30;22;0;40;2;14;0;0;0;0;35
;2023-03-26 05:45;22;0;34;4;17;0;0;0;0;32
;2023-03-26 06:00;21;0;14;3;25;0;0;0;0;31
;2023-03-26 06:15;21;0;52;1;5;0;0;0;0;35
;2023-03-26 06:30;21;0;0;0;21;0;0;0;0;21
;2023-03-26 06:45;20;0;0;0;16;0;0;0;0;16
;2023-03-26 07:00;20;0;23;4;18;0;0;0;0;27
;2023-03-26 07:15;19;0;12;1;15;0;0;0;0;20
;2023-03-26 07:30;19;0;0;0;16;0;0;0;0;16
;2023-03-26 07:45;19;0;5;0;17;0;0;0;0;20
;2023-03-26 08:00;18;0;46;1;6;4;0;0;4;29
;2023-03-26 08:15;18;0;53;1;3;5;0;0;5;32
;2023-03-26 08:30;17;0;49;1;3;11;0;0;11;32
;2023-03-26 08:45;17;0;43;1;2;21;8;0;29;43
;2023-03-26 09:00;13;1;208;6;6;44;37;0;81;252
;2023-03-26 09:15;12;0;37;2;36;30;24;0;54;91
;2023-03-26 09:30;12;0;0;0;18;24;21;0;44;30
;2023-03-26 09:45;12;0;0;0;64;18;15;0;33;65
;2023-03-26 10:00;11;0;0;0;38;20;17;0;37;43
;2023-03-26 10:15;11;0;0;1;9;33;28;0;61;33
;2023-03-26 10:30;11;0;0;1;24;35;30;0;65;54
;2023-03-26 10:45;11;0;0;0;19;27;22;0;49;36
;2023-03-26 11:00;10;0;0;0;24;26;22;0;47;39
;2023-03-26 11:15;10;3;0;2;6;46;41;0;87;43
;2023-03-26 11:30;10;1;0;1;16;40;36;0;76;47
;2023-03-26 11:45;10;14;0;1;95;48;42;0;91;131
;2023-03-26 12:00;10;16;0;2;2;60;54;0;114;48
;2023-03-26 12:15;10;41;0;2;2;66;60;0;126;36
;2023-03-26 12:30;12;214;0;2;9;164;155;0;319;62
;2023-03-26 12:45;14;148;0;2;95;170;156;0;326;226
;2023-03-26 13:00;14;5;0;5;246;100;90;0;190;389
;2023-03-26 13:15;16;112;0;1;41;113;105;0;219;102
;2023-03-26 13:30;17;172;52;14;60;167;158;0;325;202
;2023-03-26 13:45;20;256;0;1;1;175;167;0;343;37
;2023-03-26 14:00;22;232;0;1;1;163;153;0;316;35
;2023-03-26 14:15;26;276;0;1;1;191;180;0;372;45
;2023-03-26 14:30;29;292;4;4;4;204;193;0;397;58
;2023-03-26 14:45;32;310;1;5;5;215;204;0;419;58
;2023-03-26 15:00;38;581;0;3;2;352;332;0;684;41
;2023-03-26 15:15;44;557;0;4;4;335;322;0;657;39
;2023-03-26 15:30;49;384;0;8;2;244;235;0;479;33
;2023-03-26 15:45;51;217;0;1;1;154;149;0;303;35
;2023-03-26 16:00;53;222;0;13;1;169;162;0;332;44
;2023-03-26 16:15;63;942;0;39;4;552;538;0;1091;37
;2023-03-26 16:30;66;239;0;5;5;178;172;0;350;58
;2023-03-26 16:45;66;27;19;1;1;50;45;0;95;45
;2023-03-26 17:00;66;24;18;1;1;43;38;0;80;36
;2023-03-26 17:15;66;4;20;1;2;26;22;0;48;32
;2023-03-26 17:30;65;0;60;1;3;6;4;0;10;37
;2023-03-26 17:45;63;0;185;2;2;5;1;0;6;159
;2023-03-26 18:00;62;0;84;6;7;1;0;0;1;60
;2023-03-26 18:15;62;2;28;6;15;36;31;0;67;69
;2023-03-26 18:30;62;0;1;3;3;39;35;0;73;49
;2023-03-26 18:45;62;0;0;2;2;41;35;0;76;37
;2023-03-26 19:00;62;0;5;3;3;31;25;0;56;37
;2023-03-26 19:15;62;0;57;1;1;22;19;0;42;63
;2023-03-26 19:30;61;0;54;0;0;16;18;0;34;53
;2023-03-26 19:45;60;0;73;0;0;2;1;0;3;48
;2023-03-26 20:00;60;0;74;1;1;0;0;0;0;50
;2023-03-26 20:15;59;0;93;1;1;0;0;0;0;69
;2023-03-26 20:30;58;0;71;0;0;0;0;0;0;45
;2023-03-26 20:45;56;0;68;1;1;0;0;0;0;45
;2023-03-26 21:00;55;0;77;1;1;0;0;0;0;55
;2023-03-26 21:15;55;0;78;1;1;0;0;0;0;54
;2023-03-26 21:30;54;0;71;0;0;0;0;0;0;48
;2023-03-26 21:45;53;0;85;2;2;0;0;0;0;61
;2023-03-26 22:00;52;0;81;0;0;0;0;0;0;58
;2023-03-26 22:15;52;0;70;0;0;0;0;0;0;46
;2023-03-26 22:30;51;0;69;0;0;0;0;0;0;43
;2023-03-26 22:45;50;0;70;1;1;0;0;0;0;47
;2023-03-26 23:00;49;0;69;0;1;0;0;0;0;45
;2023-03-26 23:15;49;0;32;3;18;0;0;0;0;32
;2023-03-26 23:30;48;0;36;2;14;0;0;0;0;32
;2023-03-26 23:45;48;0;61;1;4;0;0;0;0;43
;2023-03-27 00:00;46;0;27;3;15;0;0;0;0;29
;2023-03-27 00:15;46;0;28;6;16;0;0;0;0;26
;2023-03-27 00:30;46;0;28;4;17;0;0;0;0;30
;2023-03-27 00:45;45;0;51;1;6;0;0;0;0;37
;2023-03-27 01:00;45;0;0;0;24;0;0;0;0;24
;2023-03-27 01:15;45;0;0;0;24;0;0;0;0;24
;2023-03-27 01:30;45;0;37;3;14;0;0;0;0;35
;2023-03-27 01:45;44;0;32;0;12;0;0;0;0;31
;2023-03-27 02:00;44;0;0;0;24;0;0;0;0;24
;2023-03-27 02:15;44;0;0;0;25;0;0;0;0;25
;2023-03-27 02:30;44;0;60;3;5;0;0;0;0;40
;2023-03-27 02:45;43;0;4;0;23;0;0;0;0;25
;2023-03-27 03:00;43;0;0;0;25;0;0;0;0;25
;2023-03-27 03:15;43;0;18;2;21;0;0;0;0;31
;2023-03-27 03:30;43;0;43;1;8;0;0;0;0;34
;2023-03-27 03:45;43;0;0;0;24;0;0;0;0;24
;2023-03-27 04:00;43;0;0;0;24;0;0;0;0;24
;2023-03-27 04:15;43;0;0;0;24;0;0;0;0;24
;2023-03-27 04:30;43;0;0;0;24;0;0;0;0;24
;2023-03-27 04:45;42;0;0;0;24;0;0;0;0;24
;2023-03-27 05:00;42;0;0;0;24;0;0;0;0;24
;2023-03-27 05:15;42;0;0;0;24;0;0;0;0;24
;2023-03-27 05:30;42;0;0;0;24;0;0;0;0;24
;2023-03-27 05:45;42;0;0;0;24;0;0;0;0;24
;2023-03-27 06:00;42;0;0;0;24;0;0;0;0;24
;2023-03-27 06:15;42;0;34;3;14;0;0;0;0;33
;2023-03-27 06:30;41;0;60;1;2;0;0;0;0;38
;2023-03-27 06:45;41;0;35;1;11;0;0;0;0;31
;2023-03-27 07:00;41;0;9;2;21;0;0;0;0;24
;2023-03-27 07:15;40;0;24;4;29;0;0;0;0;40
;2023-03-27 07:30;40;0;49;1;6;0;0;0;0;34
;2023-03-27 07:45;40;0;0;0;23;1;1;0;2;23
;2023-03-27 08:00;40;0;11;0;43;1;1;0;2;52
;2023-03-27 08:15;37;2;226;8;18;17;14;0;31;234
;2023-03-27 08:30;38;31;0;1;1;53;46;0;99;26
;2023-03-27 08:45;38;16;0;2;2;50;42;0;92;25
;2023-03-27 09:00;38;0;0;3;3;42;35;0;77;35
;2023-03-27 09:15;38;39;26;8;8;69;61;0;130;69
;2023-03-27 09:30;38;62;7;2;2;72;65;0;137;36
;2023-03-27 09:45;39;101;0;1;1;94;84;0;178;34
;2023-03-27 10:00;35;6;325;3;3;86;76;0;162;440
;2023-03-27 10:15;34;30;134;2;2;80;70;0;149;210
;2023-03-27 10:30;29;0;451;4;3;124;113;0;236;644
;2023-03-27 10:45;31;222;27;2;2;172;155;0;327;84
;2023-03-27 11:00;34;312;0;1;1;207;188;0;395;32
;2023-03-27 11:15;38;318;0;1;1;205;190;0;395;26
;2023-03-27 11:30;41;262;0;2;2;256;235;0;491;176
;2023-03-27 11:45;46;500;0;1;1;314;284;0;598;41
;2023-03-27 12:00;50;282;0;15;15;245;229;0;474;138
;2023-03-27 12:15;50;86;19;25;26;206;192;0;398;283
;2023-03-27 12:30;51;70;7;30;31;188;175;0;363;251
;2023-03-27 12:45;54;327;6;13;14;228;215;0;443;72
;2023-03-27 13:00;60;484;0;9;9;326;301;0;627;85
;2023-03-27 13:15;65;516;0;2;2;326;295;0;621;46
;2023-03-27 13:30;70;442;0;0;0;280;259;0;539;41
;2023-03-27 13:45;74;402;0;1;1;257;234;0;491;35
;2023-03-27 14:00;76;258;0;1;1;178;167;0;345;36
;2023-03-27 14:15;81;341;2;11;11;252;237;0;489;97
;2023-03-27 14:30;83;224;0;1;1;162;150;0;312;38
;2023-03-27 14:45;83;64;0;1;1;78;69;0;146;37
;2023-03-27 15:00;86;235;0;1;1;171;160;0;331;46
;2023-03-27 15:15;87;170;0;1;1;131;121;0;253;35
;2023-03-27 15:30;90;232;0;0;1;160;147;0;307;28
;2023-03-27 15:45;93;271;0;1;1;182;167;0;348;27
;2023-03-27 16:00;97;342;0;58;1;250;233;0;482;29
;2023-03-27 16:15;100;78;0;178;0;166;155;0;321;18
;2023-03-27 16:30;100;0;0;240;0;152;143;0;295;18
;2023-03-27 16:45;100;0;0;306;0;194;179;0;373;28
;2023-03-27 17:00;100;0;0;421;0;251;233;0;485;20
;2023-03-27 17:15;100;0;0;388;0;230;221;0;450;18
;2023-03-27 17:30;100;0;0;344;0;214;207;0;420;34
;2023-03-27 17:45;100;0;0;483;0;292;280;0;572;41
;2023-03-27 18:00;99;0;78;428;20;293;282;0;575;197
;2023-03-27 18:15;99;0;18;484;4;317;305;0;622;113
;2023-03-27 18:30;99;0;13;107;5;99;91;0;191;67
;2023-03-27 18:45;99;0;0;50;0;67;63;0;130;46
;2023-03-27 19:00;98;0;0;18;0;48;43;0;91;38
;2023-03-27 19:15;98;0;24;2;2;27;23;0;50;39
;2023-03-27 19:30;98;0;54;1;2;10;7;0;18;38
;2023-03-27 19:45;97;0;57;1;3;2;1;0;3;34
;2023-03-27 20:00;96;0;60;2;3;0;0;0;0;38
;2023-03-27 20:15;96;0;86;1;1;0;0;0;0;63
;2023-03-27 20:30;95;0;62;1;2;0;0;0;0;40
;2023-03-27 20:45;94;2;94;8;18;0;0;0;0;77
;2023-03-27 21:00;93;0;69;1;2;0;0;0;0;46
;2023-03-27 21:15;93;0;70;1;1;0;0;0;0;47
;2023-03-27 21:30;92;0;71;0;0;0;0;0;0;47
;2023-03-27 21:45;91;0;76;2;2;0;0;0;0;52
;2023-03-27 22:00;90;0;83;1;1;0;0;0;0;60
;2023-03-27 22:15;90;0;69;1;1;0;0;0;0;45
;2023-03-27 22:30;88;0;63;1;2;0;0;0;0;40
;2023-03-27 22:45;87;0;43;2;12;0;0;0;0;34
;2023-03-27 23:00;87;0;19;3;22;0;0;0;0;30
;2023-03-27 23:15;87;0;0;0;20;0;0;0;0;20
;2023-03-27 23:30;87;0;0;0;19;0;0;0;0;19
;2023-03-27 23:45;87;0;0;0;17;0;0;0;0;17
;2023-03-28 00:00;87;0;0;0;16;0;0;0;0;16
;2023-03-28 00:15;87;0;0;0;16;0;0;0;0;16
;2023-03-28 00:30;87;0;0;0;16;0;0;0;0;16
;2023-03-28 00:45;87;0;0;0;17;0;0;0;0;17
;2023-03-28 01:00;86;0;11;5;28;0;0;0;0;30
;2023-03-28 01:15;86;0;61;1;2;0;0;0;0;39
;2023-03-28 01:30;86;0;26;3;18;0;0;0;0;30
;2023-03-28 01:45;85;0;35;3;16;0;0;0;0;32
;2023-03-28 02:00;84;0;70;1;1;0;0;0;0;46
;2023-03-28 02:15;84;0;28;3;17;0;0;0;0;31
;2023-03-28 02:30;84;0;0;0;25;0;0;0;0;25
;2023-03-28 02:45;84;0;31;3;14;0;0;0;0;31
;2023-03-28 03:00;84;0;4;0;19;0;0;0;0;22
;2023-03-28 03:15;84;0;0;0;17;0;0;0;0;17
;2023-03-28 03:30;83;0;8;3;18;0;0;0;0;20
;2023-03-28 03:45;83;0;19;1;18;0;0;0;0;26
;2023-03-28 04:00;83;0;0;0;16;0;0;0;0;16
;2023-03-28 04:15;83;0;0;0;16;0;0;0;0;16
;2023-03-28 04:30;83;0;7;2;25;0;0;0;0;28
;2023-03-28 04:45;83;0;0;0;18;0;0;0;0;18
;2023-03-28 05:00;83;0;0;0;21;0;0;0;0;21
;2023-03-28 05:15;83;0;22;3;24;0;0;0;0;33
;2023-03-28 05:30;82;0;29;3;23;0;0;0;0;39
;2023-03-28 05:45;82;0;34;3;17;0;0;0;0;33
;2023-03-28 06:00;82;0;6;1;27;0;0;0;0;29
;2023-03-28 06:15;81;0;54;3;6;0;0;0;0;38
;2023-03-28 06:30;81;0;0;0;22;0;0;0;0;22
;2023-03-28 06:45;81;0;0;0;18;0;0;0;0;18
;2023-03-28 07:00;81;0;18;4;17;0;0;0;0;24
;2023-03-28 07:15;81;0;30;1;14;0;0;0;0;33
;2023-03-28 07:30;81;0;0;0;16;1;1;0;2;16
;2023-03-28 07:45;81;0;6;2;17;2;2;0;4;19
;2023-03-28 08:00;80;0;95;1;1;16;14;0;30;92
;2023-03-28 08:15;77;2;147;12;23;22;18;0;40;170
;2023-03-28 08:30;77;0;0;2;2;29;24;0;53;18
;2023-03-28 08:45;77;12;1;2;2;47;40;0;87;34
;2023-03-28 09:00;77;0;1;2;2;36;32;0;68;36
;2023-03-28 09:15;73;2;371;11;29;37;33;0;71;418
;2023-03-28 09:30;70;3;341;25;47;42;35;0;76;397
;2023-03-28 09:45;67;10;176;16;17;56;48;0;104;229
;2023-03-28 10:00;66;51;124;16;15;92;76;0;168;195
;2023-03-28 10:15;66;81;68;15;15;107;90;0;197;138
;2023-03-28 10:30;69;156;0;1;1;142;107;0;250;43
;2023-03-28 10:45;67;99;153;9;14;120;94;0;214;225
;2023-03-28 11:00;69;156;102;20;22;229;139;0;367;264
;2023-03-28 11:15;69;131;125;18;20;192;115;0;307;253
;2023-03-28 11:30;69;142;95;16;15;175;122;0;297;201
;2023-03-28 11:45;70;169;141;21;43;229;135;0;364;308
;2023-03-28 12:00;70;191;120;18;45;270;141;0;411;313
;2023-03-28 12:15;71;176;130;23;25;356;275;0;631;527
;2023-03-28 12:30;73;348;76;25;25;329;207;0;536;206
;2023-03-28 12:45;80;636;24;13;17;444;365;0;809;135
;2023-03-28 13:00;83;331;10;7;5;462;392;0;854;466
;2023-03-28 13:15;87;435;0;2;2;462;392;0;854;352
;2023-03-28 13:30;93;476;0;2;1;480;421;0;901;356
;2023-03-28 13:45;98;668;0;3;3;496;438;0;933;195
;2023-03-28 14:00;99;291;10;340;3;428;382;0;810;125
;2023-03-28 14:15;100;2;0;732;0;445;414;0;860;69
;2023-03-28 14:30;100;0;0;705;0;405;391;0;796;38
;2023-03-28 14:45;100;0;0;757;0;439;425;0;864;50
;2023-03-28 15:00;100;0;0;972;0;544;530;0;1073;37
;2023-03-28 15:15;100;0;0;975;0;543;530;0;1073;35
;2023-03-28 15:30;100;0;0;927;0;524;510;0;1034;44
;2023-03-28 15:45;100;0;0;659;0;379;368;0;747;36
;2023-03-28 16:00;100;0;0;803;0;454;440;0;894;31
;2023-03-28 16:15;100;0;0;945;0;530;514;0;1044;36
;2023-03-28 16:30;100;0;0;803;0;458;446;0;903;43
;2023-03-28 16:45;100;0;0;459;0;270;263;0;533;28
;2023-03-28 17:00;100;0;0;438;0;255;247;0;501;18
;2023-03-28 17:15;100;0;0;914;0;508;495;0;1003;28
;2023-03-28 17:30;100;0;0;742;0;414;404;0;817;19
;2023-03-28 17:45;100;0;0;788;0;436;426;0;861;17
;2023-03-28 18:00;100;0;0;633;0;354;347;0;701;18
;2023-03-28 18:15;99;0;0;434;0;251;245;0;495;18
;2023-03-28 18:30;99;0;0;505;0;282;285;0;567;17
;2023-03-28 18:45;99;0;49;162;12;135;234;0;370;227
;2023-03-28 19:00;99;17;32;56;15;63;68;0;131;63
;2023-03-28 19:15;99;0;2;3;3;38;35;0;73;41
;2023-03-28 19:30;98;0;39;1;1;21;18;0;39;45
;2023-03-28 19:45;97;0;76;1;1;5;3;0;7;50
;2023-03-28 20:00;96;0;89;1;1;0;0;0;0;65
;2023-03-28 20:15;96;0;98;1;1;0;0;0;0;74
;2023-03-28 20:30;95;0;74;0;0;0;0;0;0;50
;2023-03-28 20:45;94;0;65;1;1;0;0;0;0;41
;2023-03-28 21:00;93;0;70;1;2;0;0;0;0;47
;2023-03-28 21:15;93;0;67;1;2;0;0;0;0;44
;2023-03-28 21:30;92;0;57;1;3;0;0;0;0;36
;2023-03-28 21:45;91;0;64;2;3;0;0;0;0;42
;2023-03-28 22:00;91;0;81;0;0;0;0;0;0;56
;2023-03-28 22:15;90;0;64;1;1;0;0;0;0;40
;2023-03-28 22:30;88;0;70;1;1;0;0;0;0;46
;2023-03-28 22:45;87;0;93;1;1;0;0;0;0;69
;2023-03-28 23:00;87;0;71;1;1;0;0;0;0;47
;2023-03-28 23:15;86;0;67;2;2;0;0;0;0;44
;2023-03-28 23:30;85;0;75;1;1;0;0;0;0;51
;2023-03-28 23:45;85;0;57;1;6;0;0;0;0;42
;2023-03-29 00:00;84;0;0;0;23;0;0;0;0;23
;2023-03-29 00:15;84;0;0;0;22;0;0;0;0;22
;2023-03-29 00:30;84;0;19;3;21;0;0;0;0;29
;2023-03-29 00:45;84;0;0;0;16;0;0;0;0;16
;2023-03-29 01:00;84;0;0;0;16;0;0;0;0;16
;2023-03-29 01:15;83;0;13;3;22;0;0;0;0;27
;2023-03-29 01:30;83;0;0;0;20;0;0;0;0;20
;2023-03-29 01:45;83;0;0;0;18;0;0;0;0;18
;2023-03-29 02:00;83;0;10;2;28;0;0;0;0;32
;2023-03-29 02:15;83;0;40;3;20;0;0;0;0;42
;2023-03-29 02:30;82;0;36;2;15;0;0;0;0;33
;2023-03-29 02:45;82;0;39;2;13;0;0;0;0;32
;2023-03-29 03:00;82;0;14;2;33;0;0;0;0;39
;2023-03-29 03:15;82;0;14;0;18;0;0;0;0;26
;2023-03-29 03:30;82;0;0;0;19;0;0;0;0;19
;2023-03-29 03:45;81;0;9;2;19;0;0;0;0;22
;2023-03-29 04:00;81;0;0;0;25;0;0;0;0;25
;2023-03-29 04:15;81;0;0;0;16;0;0;0;0;16
;2023-03-29 04:30;81;0;0;0;16;0;0;0;0;16
;2023-03-29 04:45;81;0;18;3;20;0;0;0;0;28
;2023-03-29 05:00;81;0;0;0;18;0;0;0;0;18
;2023-03-29 05:15;81;0;0;0;17;0;0;0;0;17
;2023-03-29 05:30;81;0;8;2;29;0;0;0;0;31
;2023-03-29 05:45;81;0;31;3;23;0;0;0;0;40
;2023-03-29 06:00;80;0;34;3;16;0;0;0;0;33
;2023-03-29 06:15;80;0;26;2;19;0;0;0;0;31
;2023-03-29 06:30;80;0;22;2;27;0;0;0;0;39
;2023-03-29 06:45;79;0;14;1;18;0;0;0;0;26
;2023-03-29 07:00;79;0;0;0;18;0;0;0;0;18
;2023-03-29 07:15;79;0;21;4;29;0;0;0;0;37
;2023-03-29 07:30;0;0;0;0;0;0;0;0;0;0
;2023-03-29 07:45;0;0;0;0;0;0;0;0;0;0
;2023-03-29 08:00;0;0;0;0;0;0;0;0;0;0
;2023-03-29 08:15;0;0;0;0;0;0;0;0;0;0
;2023-03-29 08:30;79;0;36;0;0;19;15;0;35;55
;2023-03-29 08:45;77;0;49;1;1;39;29;0;69;85
;2023-03-29 09:00;77;1;1;3;3;43;35;0;78;33
;2023-03-29 09:15;77;0;11;2;2;36;32;0;68;42
;2023-03-29 09:30;77;4;0;2;2;47;41;0;88;35
;2023-03-29 09:45;79;67;0;0;0;77;70;0;146;34
;2023-03-29 10:00;80;82;0;1;1;91;83;0;174;45
;2023-03-29 10:15;80;85;0;0;0;86;79;0;166;34
;2023-03-29 10:30;81;71;0;0;0;78;70;0;148;32
;2023-03-29 10:45;82;53;0;1;1;71;64;0;135;37
;2023-03-29 11:00;82;61;16;3;3;83;75;0;158;67
;2023-03-29 11:15;83;130;28;10;10;115;107;0;222;74
;2023-03-29 11:30;85;175;0;0;0;127;117;0;244;22
;2023-03-29 11:45;86;137;0;1;1;113;105;0;218;35
;2023-03-29 12:00;86;105;146;3;3;158;146;0;304;300
;2023-03-29 12:15;87;187;0;2;2;138;128;0;266;31
;2023-03-29 12:30;90;208;0;1;1;159;148;0;307;50
;2023-03-29 12:45;93;248;0;1;1;168;156;0;324;27
;2023-03-29 13:00;95;234;0;0;0;156;145;0;301;19
;2023-03-29 13:15;96;194;0;0;0;135;125;0;260;19
;2023-03-29 13:30;97;253;0;1;1;173;159;0;332;29
;2023-03-29 13:45;99;247;0;97;0;219;204;0;423;27
;2023-03-29 14:00;100;6;0;356;0;224;210;0;434;31
;2023-03-29 14:15;100;0;0;373;0;233;218;0;451;37
;2023-03-29 14:30;100;0;1;355;0;239;225;0;464;69
;2023-03-29 14:45;98;0;197;130;2;251;238;0;489;511
;2023-03-29 15:00;98;184;76;9;9;263;249;0;511;352
;2023-03-29 15:15;100;140;0;389;1;335;319;0;654;71
;2023-03-29 15:30;100;0;7;377;1;240;232;0;471;60
;2023-03-29 15:45;100;0;28;316;1;245;237;0;483;150
;2023-03-29 16:00;100;0;0;870;0;518;505;0;1023;90
;2023-03-29 16:15;99;0;0;840;0;491;480;0;970;70
;2023-03-29 16:30;99;0;0;395;0;241;235;0;476;37
;2023-03-29 16:45;99;0;0;463;0;281;274;0;555;47
;2023-03-29 17:00;99;0;0;372;0;227;221;0;448;34
;2023-03-29 17:15;99;0;8;471;1;317;311;0;628;118
;2023-03-29 17:30;99;162;74;134;7;227;221;0;448;183
;2023-03-29 17:45;99;1;59;343;14;214;211;0;425;112
;2023-03-29 18:00;99;0;2;155;0;115;112;0;227;38
;2023-03-29 18:15;99;0;0;60;0;59;56;0;115;20
;2023-03-29 18:30;95;0;377;9;2;46;41;0;87;417
;2023-03-29 18:45;91;1;379;7;7;28;26;0;54;393
;2023-03-29 19:00;91;0;80;1;1;19;16;0;35;81
;2023-03-29 19:15;90;0;58;1;2;9;7;0;16;39
;2023-03-29 19:30;88;0;70;0;1;4;1;0;5;43
;2023-03-29 19:45;87;0;85;1;1;0;0;0;0;61
;2023-03-29 20:00;87;0;87;1;1;0;0;0;0;62
;2023-03-29 20:15;85;0;105;1;1;0;0;0;0;82
;2023-03-29 20:30;85;0;90;1;1;0;0;0;0;66
;2023-03-29 20:45;84;0;75;1;1;0;0;0;0;50
;2023-03-29 21:00;83;0;78;1;1;0;0;0;0;54
;2023-03-29 21:15;82;0;77;1;1;0;0;0;0;53
;2023-03-29 21:30;82;0;64;1;1;0;0;0;0;40
;2023-03-29 21:45;81;0;59;2;3;0;0;0;0;37
;2023-03-29 22:00;81;0;12;2;30;0;0;0;0;35
;2023-03-29 22:15;80;0;54;2;11;0;0;0;0;43
;2023-03-29 22:30;79;0;68;0;0;0;0;0;0;43
;2023-03-29 22:45;79;0;66;1;1;0;0;0;0;42
;2023-03-29 23:00;77;0;63;1;2;0;0;0;0;39
;2023-03-29 23:15;76;0;61;2;3;0;0;0;0;38
;2023-03-29 23:30;76;0;34;3;13;0;0;0;0;30
;2023-03-29 23:45;75;0;56;1;8;0;0;0;0;43
;2023-03-30 00:00;75;0;72;0;0;0;0;0;0;48
;2023-03-30 00:15;74;0;60;1;4;0;0;0;0;42
;2023-03-30 00:30;73;0;31;3;18;0;0;0;0;32
;2023-03-30 00:45;73;0;14;1;27;0;0;0;0;33
;2023-03-30 01:00;73;0;41;3;14;0;0;0;0;36
;2023-03-30 01:15;73;0;0;0;21;0;0;0;0;21
;2023-03-30 01:30;73;0;0;0;17;0;0;0;0;17
;2023-03-30 01:45;72;0;22;4;21;0;0;0;0;31
;2023-03-30 02:00;72;0;0;0;18;0;0;0;0;18
;2023-03-30 02:15;72;0;0;0;16;0;0;0;0;16
;2023-03-30 02:30;72;0;21;4;17;0;0;0;0;25
;2023-03-30 02:45;72;0;10;1;18;0;0;0;0;23
;2023-03-30 03:00;72;0;0;0;16;0;0;0;0;16
;2023-03-30 03:15;72;0;7;2;17;0;0;0;0;19
;2023-03-30 03:30;71;0;53;1;5;0;0;0;0;36
;2023-03-30 03:45;71;0;22;4;22;0;0;0;0;31
;2023-03-30 04:00;70;0;36;3;15;0;0;0;0;33
;2023-03-30 04:15;70;0;60;1;5;0;0;0;0;44
;2023-03-30 04:30;69;0;45;2;11;0;0;0;0;35
;2023-03-30 04:45;69;0;18;1;20;0;0;0;0;28
;2023-03-30 05:00;69;0;13;1;21;0;0;0;0;28
;2023-03-30 05:15;69;0;40;2;8;0;0;0;0;30
;2023-03-30 05:30;69;0;0;0;16;0;0;0;0;16
;2023-03-30 05:45;67;0;0;0;16;0;0;0;0;16
;2023-03-30 06:00;67;0;30;5;16;0;0;0;0;29
;2023-03-30 06:15;67;0;7;1;16;0;0;0;0;19
;2023-03-30 06:30;67;0;0;0;16;0;0;0;0;16
;2023-03-30 06:45;67;0;0;0;22;0;0;0;0;22
;2023-03-30 07:00;67;0;14;3;20;0;0;0;0;25
;2023-03-30 07:15;67;0;5;0;28;0;0;0;0;29
;2023-03-30 07:30;66;0;28;2;13;3;0;0;3;28
;2023-03-30 07:45;66;0;65;1;1;8;0;0;9;46
;2023-03-30 08:00;65;0;48;1;2;13;2;0;15;34
;2023-03-30 08:15;65;0;39;1;1;18;14;0;32;34
;2023-03-30 08:30;65;0;0;3;3;38;33;0;72;35
;2023-03-30 08:45;63;5;160;7;7;53;49;0;102;209
;2023-03-30 09:00;63;21;23;6;15;50;46;0;96;58
;2023-03-30 09:15;63;62;0;1;1;70;63;0;132;23
;2023-03-30 09:30;64;10;1;2;2;44;38;0;82;35
;2023-03-30 09:45;64;41;0;1;1;59;54;0;113;23
;2023-03-30 10:00;65;85;0;1;1;80;73;0;153;23
;2023-03-30 10:15;66;112;0;1;1;99;92;0;191;30
;2023-03-30 10:30;66;5;0;2;2;48;43;0;90;29
;2023-03-30 10:45;66;52;0;0;0;63;56;0;119;22
;2023-03-30 11:00;69;135;0;1;1;121;111;0;232;49
;2023-03-30 11:15;69;26;17;3;3;72;65;0;137;90
;2023-03-30 11:30;69;84;32;9;11;85;77;0;162;68
;2023-03-30 11:45;69;43;80;10;12;76;68;0;144;140
;2023-03-30 12:00;67;1;45;10;17;34;29;0;64;81
;2023-03-30 12:15;66;33;101;7;8;71;65;0;136;162
;2023-03-30 12:30;61;0;497;41;41;53;47;0;99;554
;2023-03-30 12:45;58;0;261;17;16;30;26;0;57;280
;2023-03-30 13:00;58;12;54;5;13;41;37;0;78;88
;2023-03-30 13:15;56;14;146;7;8;110;103;0;212;301
;2023-03-30 13:30;54;5;185;2;2;72;66;0;139;273
;2023-03-30 13:45;51;46;264;2;2;102;92;0;194;367
;2023-03-30 14:00;46;2;405;7;87;70;63;0;132;568
;2023-03-30 14:15;40;1;584;17;33;39;34;0;73;630
;2023-03-30 14:30;32;0;602;21;26;55;49;0;103;666
;2023-03-30 14:45;30;1;243;18;18;25;21;0;46;252
;2023-03-30 15:00;28;1;156;15;15;34;30;0;64;177
;2023-03-30 15:15;29;144;0;1;1;116;107;0;223;29
;2023-03-30 15:30;30;45;31;7;7;67;61;0;127;66
;2023-03-30 15:45;30;13;10;3;3;46;41;0;87;28
;2023-03-30 16:00;31;101;0;0;0;87;80;0;167;18
;2023-03-30 16:15;32;181;0;1;1;128;119;0;247;18
;2023-03-30 16:30;34;203;0;2;2;142;134;0;276;23
;2023-03-30 16:45;38;259;0;2;2;173;165;0;337;27
;2023-03-30 17:00;45;702;0;2;2;406;395;0;801;32
;2023-03-30 17:15;49;349;0;6;6;226;218;0;444;40
;2023-03-30 17:30;56;634;12;5;5;379;371;0;750;62
;2023-03-30 17:45;59;309;39;13;21;215;208;0;423;106
;2023-03-30 18:00;60;143;60;5;4;176;169;0;345;208
;2023-03-30 18:15;62;175;0;1;2;157;150;0;308;82
;2023-03-30 18:30;63;108;24;3;3;106;100;0;206;71
;2023-03-30 18:45;65;213;0;1;1;128;161;0;289;27
;2023-03-30 19:00;66;117;0;1;1;95;104;0;199;34
;2023-03-30 19:15;66;27;7;2;4;45;47;0;92;30
;2023-03-30 19:30;65;0;37;0;1;16;13;0;29;33
;2023-03-30 19:45;65;0;66;1;2;6;3;0;9;41
;2023-03-30 20:00;64;0;66;1;2;0;0;0;0;42
;2023-03-30 20:15;63;0;66;2;6;0;0;0;0;48
;2023-03-30 20:30;63;0;59;1;7;0;0;0;0;43
;2023-03-30 20:45;62;0;79;1;1;0;0;0;0;55
;2023-03-30 21:00;61;0;66;1;1;0;0;0;0;42
;2023-03-30 21:15;61;0;69;1;1;0;0;0;0;44
;2023-03-30 21:30;60;0;89;1;1;0;0;0;0;65
;2023-03-30 21:45;59;0;78;2;2;0;0;0;0;56
;2023-03-30 22:00;58;0;79;1;1;0;0;0;0;54
;2023-03-30 22:15;56;0;84;1;1;0;0;0;0;59
;2023-03-30 22:30;55;0;78;1;1;0;0;0;0;54
;2023-03-30 22:45;55;0;69;1;1;0;0;0;0;44
;2023-03-30 23:00;54;0;66;1;1;0;0;0;0;43
;2023-03-30 23:15;53;0;79;2;2;0;0;0;0;55
;2023-03-30 23:30;53;0;65;1;1;0;0;0;0;41
;2023-03-30 23:45;52;0;29;3;19;0;0;0;0;32
;2023-03-31 00:00;51;0;59;1;5;0;0;0;0;41
;2023-03-31 00:15;51;0;45;2;11;0;0;0;0;35
;2023-03-31 00:30;50;0;56;1;4;0;0;0;0;37
;2023-03-31 00:45;50;0;50;2;10;0;0;0;0;39
;2023-03-31 01:00;49;0;65;1;3;0;0;0;0;45
;2023-03-31 01:15;49;0;34;3;17;0;0;0;0;32
;2023-03-31 01:30;48;0;35;3;15;0;0;0;0;32
;2023-03-31 01:45;46;0;62;1;4;0;0;0;0;43
;2023-03-31 02:00;46;0;31;1;13;0;0;0;0;30
;2023-03-31 02:15;46;0;0;0;22;0;0;0;0;22
;2023-03-31 02:30;45;0;11;2;18;0;0;0;0;22
;2023-03-31 02:45;45;0;6;1;23;0;0;0;0;26
;2023-03-31 03:00;45;0;0;0;16;0;0;0;0;16
;2023-03-31 03:15;45;0;0;0;16;0;0;0;0;16
;2023-03-31 03:30;45;0;0;0;27;0;0;0;0;27
;2023-03-31 03:45;45;0;8;2;17;0;0;0;0;20
;2023-03-31 04:00;45;0;0;0;20;0;0;0;0;20
;2023-03-31 04:15;44;0;36;4;15;0;0;0;0;33
;2023-03-31 04:30;44;0;62;1;4;0;0;0;0;42
;2023-03-31 04:45;43;0;32;3;19;0;0;0;0;33
;2023-03-31 05:00;43;0;34;3;16;0;0;0;0;32
;2023-03-31 05:15;42;0;62;1;4;0;0;0;0;43
;2023-03-31 05:30;42;0;37;3;14;0;0;0;0;33
;2023-03-31 05:45;41;0;16;1;19;0;0;0;0;25
;2023-03-31 06:00;41;0;13;3;20;0;0;0;0;26
;2023-03-31 06:15;41;0;26;1;14;0;0;0;0;27
;2023-03-31 06:30;41;0;0;0;16;0;0;0;0;16
;2023-03-31 06:45;41;0;0;0;16;0;0;0;0;16
;2023-03-31 07:00;40;0;24;4;18;0;0;0;0;27
;2023-03-31 07:15;40;0;22;1;14;0;0;0;1;30
;2023-03-31 07:30;40;0;0;0;16;0;1;0;1;16
;2023-03-31 07:45;40;0;9;2;17;0;0;0;1;21
;2023-03-31 08:00;39;0;53;1;5;0;0;0;0;35
;2023-03-31 08:15;39;0;38;3;12;4;1;0;5;33
;2023-03-31 08:30;37;0;221;2;4;9;6;0;14;201
;2023-03-31 08:45;35;2;69;8;16;26;21;0;47;93
;2023-03-31 09:00;35;4;0;2;2;45;37;0;82;36
;2023-03-31 09:15;35;2;2;2;2;37;31;0;68;31
;2023-03-31 09:30;35;52;0;2;1;68;62;0;130;32
;2023-03-31 09:45;35;24;66;9;9;41;36;0;77;81
;2023-03-31 10:00;35;35;14;1;1;45;39;0;83;24
;2023-03-31 10:15;37;69;0;1;1;76;65;0;140;27
;2023-03-31 10:30;38;104;0;1;1;100;76;0;176;23
;2023-03-31 10:45;39;136;0;1;1;120;87;0;207;22
;2023-03-31 11:00;42;280;0;2;2;215;147;0;362;28
;2023-03-31 11:15;45;333;0;4;4;243;164;0;406;18
;2023-03-31 11:30;48;228;0;4;4;175;122;0;297;18
;2023-03-31 11:45;51;235;11;10;10;192;150;0;343;68
;2023-03-31 12:00;51;95;21;2;3;76;59;0;135;23
;2023-03-31 12:15;52;95;7;8;8;101;92;0;193;62
;2023-03-31 12:30;51;48;131;14;14;106;99;0;205;243
;2023-03-31 12:45;52;171;55;31;31;218;187;0;405;238
;2023-03-31 13:00;60;648;0;3;3;414;355;0;769;55
;2023-03-31 13:15;62;289;87;14;31;204;183;0;387;149
;2023-03-31 13:30;61;0;56;1;1;16;11;0;27;47
;2023-03-31 13:45;61;0;51;0;0;14;10;0;24;43
;2023-03-31 14:00;60;6;32;1;2;22;19;0;42;34
;2023-03-31 14:15;67;644;0;5;1;385;367;0;752;38
;2023-03-31 14:30;75;782;0;5;5;455;442;0;898;45
;2023-03-31 14:45;83;682;0;2;2;396;385;0;781;33
;2023-03-31 15:00;84;126;3;1;1;106;98;0;204;33
;2023-03-31 15:15;84;25;21;1;1;45;42;0;87;46
;2023-03-31 15:30;91;711;0;16;2;421;403;0;824;31
;2023-03-31 15:45;96;751;0;3;3;427;416;0;843;25
;2023-03-31 16:00;99;264;0;166;0;262;254;0;516;31
;2023-03-31 16:15;100;13;0;114;0;101;95;0;197;29
;2023-03-31 16:30;100;0;0;202;0;135;128;0;263;24
;2023-03-31 16:45;100;0;0;223;0;144;139;0;284;23
;2023-03-31 17:00;99;38;165;175;9;183;176;0;359;274
;2023-03-31 17:15;98;102;112;16;16;137;132;0;269;233
;2023-03-31 17:30;97;26;202;24;42;56;51;0;107;262
;2023-03-31 17:45;94;2;237;15;15;16;14;0;31;230
;2023-03-31 18:00;94;1;62;3;9;12;9;0;21;55
;2023-03-31 18:15;94;68;1;1;1;78;72;0;150;37
;2023-03-31 18:30;95;111;0;1;1;105;98;0;203;46
;2023-03-31 18:45;95;10;3;3;3;53;47;0;100;52
;2023-03-31 19:00;95;0;45;0;0;20;16;0;36;45
;2023-03-31 19:15;94;0;49;1;1;17;14;0;31;45
;2023-03-31 19:30;94;0;68;0;1;9;6;0;14;47
;2023-03-31 19:45;93;0;44;2;10;2;1;0;3;31
;2023-03-31 20:00;93;0;60;1;3;0;0;0;0;37
;2023-03-31 20:15;92;0;82;1;1;0;0;0;0;59
;2023-03-31 20:30;91;0;63;1;4;0;0;0;0;41
;2023-03-31 20:45;91;0;42;2;13;0;0;0;0;33
;2023-03-31 21:00;90;0;47;2;12;0;0;0;0;38
;2023-03-31 21:15;88;0;73;1;1;0;0;0;0;48
;2023-03-31 21:30;88;0;70;0;0;0;0;0;0;44
;2023-03-31 21:45;87;0;72;2;2;0;0;0;0;48
;2023-03-31 22:00;86;0;84;1;1;0;0;0;0;61
;2023-03-31 22:15;85;0;83;0;0;0;0;0;0;59
;2023-03-31 22:30;84;0;87;0;0;0;0;0;0;61
;2023-03-31 22:45;84;0;82;1;1;0;0;0;0;57
;2023-03-31 23:00;83;0;60;0;7;0;0;0;0;47
;2023-03-31 23:15;82;0;16;3;20;0;0;0;0;26
;2023-03-31 23:30;82;0;0;0;21;0;0;0;0;21
;2023-03-31 23:45;82;0;41;4;12;0;0;0;0;33
